student_id,age,gender,academic_level,country,avg_daily_usage_hours,most_used_platform,affects_academic_performance,sleep_hours_per_night,mental_health_score,overall_impact
232,21,1,2,73,4,0,0,6.7,6.8,1
564,23,0,2,73,1,4,0,8.6,7.6,2
788,22,1,0,18,4,1,0,6.7,7.0,1
686,18,1,2,73,7,5,1,5.4,5.3,0
608,24,0,1,73,7,0,1,5.0,4.4,0
370,19,0,1,73,4,7,1,6.8,6.8,1
862,22,0,0,73,8,1,1,5.2,5.3,0
520,21,0,0,73,6,0,1,5.7,4.7,0
703,24,1,2,103,4,11,0,7.0,6.2,1
33,19,1,1,73,3,6,0,8.1,8.6,2
519,18,1,0,73,4,4,0,7.3,6.8,1
738,18,1,1,73,7,5,1,5.3,5.5,0
119,20,1,2,73,2,0,0,8.8,8.5,2
287,23,0,2,73,6,4,0,5.3,5.4,0
610,24,1,0,39,2,1,0,8.6,7.8,2
383,18,0,0,73,5,7,1,7.0,6.3,1
699,22,0,0,103,6,11,1,5.4,5.0,0
302,21,1,1,5,6,11,1,5.7,5.0,0
277,21,1,0,18,6,0,1,5.9,5.0,0
631,20,1,2,73,5,1,0,6.8,6.8,1
567,23,0,1,73,2,0,0,7.9,7.1,2
110,19,0,2,73,5,5,1,7.1,6.5,1
261,24,1,2,73,2,0,1,7.8,8.5,2
691,23,1,2,39,2,6,0,7.2,8.6,2
109,23,0,0,73,7,4,1,5.4,5.1,0
537,21,1,2,73,6,1,1,4.7,5.7,0
824,20,0,2,73,2,4,0,8.3,8.2,2
270,21,0,1,73,7,6,1,4.6,4.7,0
932,20,0,0,103,5,6,1,5.7,5.1,0
2,23,0,2,103,2,11,0,7.8,7.7,2
808,20,1,1,5,7,11,0,6.0,5.7,0
143,24,1,0,73,2,5,0,8.2,8.1,2
671,19,1,1,39,5,4,0,6.9,6.6,1
363,22,0,0,39,7,0,1,5.2,4.0,0
725,24,1,1,102,5,6,0,5.9,4.9,0
120,18,1,2,102,6,1,1,5.5,4.2,0
925,23,1,1,73,6,5,1,5.5,5.0,0
223,22,1,0,73,4,1,0,6.1,6.6,1
305,22,1,0,103,5,4,1,6.8,6.3,1
70,19,0,2,73,2,0,0,8.0,8.5,2
890,24,1,2,73,8,7,1,5.5,4.3,0
84,21,0,2,73,6,7,1,5.7,4.2,0
246,22,0,0,73,6,7,1,5.3,4.5,0
64,20,1,2,73,8,6,0,4.5,5.7,0
851,20,0,1,73,7,1,0,4.8,4.2,0
827,20,1,0,73,4,7,1,6.6,6.7,1
104,18,1,0,73,7,4,1,4.5,5.9,0
103,19,0,1,73,5,7,0,7.5,6.4,1
577,20,1,1,102,7,1,1,5.2,5.0,0
692,21,1,1,33,3,1,0,7.1,8.5,2
124,22,0,1,73,8,11,1,5.4,4.7,0
78,19,0,2,73,7,7,0,5.0,4.9,0
315,21,0,2,39,6,11,1,5.3,4.6,0
483,22,1,1,5,7,7,1,5.5,4.7,0
512,21,1,2,73,3,4,0,8.6,8.8,2
147,21,0,0,102,4,4,1,6.4,6.6,1
603,22,1,0,73,5,7,0,4.7,5.4,0
102,23,1,0,102,6,6,0,4.8,5.5,0
654,24,0,1,73,3,6,0,8.1,8.0,2
614,19,1,1,73,2,1,0,8.5,7.6,2
552,24,1,2,73,1,1,0,7.7,8.7,2
441,22,0,0,73,6,11,1,5.3,5.5,0
847,21,1,2,73,1,6,0,7.9,8.1,2
23,24,0,1,73,7,7,1,5.2,4.8,0
46,20,0,1,39,6,5,1,5.7,4.1,0
620,22,1,1,73,7,5,1,5.9,6.0,0
845,19,0,1,73,4,4,0,6.8,6.6,1
434,24,0,1,73,8,1,0,5.3,4.4,0
933,21,1,2,73,5,5,1,6.4,6.1,1
7,19,0,0,73,2,1,0,7.9,7.7,2
30,23,0,1,73,4,11,0,7.3,6.2,1
395,20,0,2,73,4,5,0,7.5,7.2,2
425,23,1,1,73,6,6,1,5.2,4.6,0
865,22,1,2,102,8,0,1,4.6,4.1,0
776,22,1,2,73,5,7,0,6.5,6.9,1
867,19,1,0,73,2,11,0,7.6,8.4,2
295,22,1,1,73,6,0,0,5.8,5.5,0
786,24,0,0,5,7,11,1,4.7,5.3,0
809,24,1,0,73,3,4,0,7.1,8.6,2
156,23,1,2,33,7,0,1,5.7,5.3,0
778,18,0,1,103,5,1,0,5.1,4.9,0
814,23,0,2,73,4,1,1,6.1,6.6,1
100,22,1,0,73,5,7,0,6.0,7.0,1
732,18,1,1,73,7,11,1,5.0,4.7,0
43,18,1,2,39,8,6,1,5.9,5.3,0
708,19,1,2,39,8,1,1,4.8,4.1,0
337,22,0,2,73,3,4,0,8.6,8.6,2
904,20,1,1,18,5,7,1,5.6,5.5,0
201,21,0,2,103,8,5,1,5.8,5.1,0
790,23,1,1,39,5,5,0,5.9,5.2,0
335,18,1,2,5,8,6,0,4.6,5.8,0
230,23,1,2,102,3,1,0,8.4,7.2,2
4,20,1,2,73,3,0,1,8.6,8.7,2
161,23,0,0,5,3,0,1,8.6,8.3,2
73,18,0,2,18,3,5,0,7.8,7.5,2
489,21,1,0,73,8,4,1,6.0,5.4,0
679,20,1,0,103,4,4,0,7.2,6.8,1
118,18,0,1,73,3,6,0,7.0,6.5,1
130,21,1,1,73,5,0,0,6.0,6.7,1
970,22,1,1,33,5,11,1,5.6,5.7,0
220,22,1,0,18,3,11,0,7.5,7.9,2
209,20,1,2,73,3,0,0,7.6,8.7,2
188,21,0,0,73,5,0,1,5.8,4.9,0
706,18,1,2,73,3,5,1,7.5,7.0,2
328,20,0,1,73,2,4,0,8.3,8.4,2
662,21,1,1,39,4,4,1,7.5,7.0,1
400,21,1,1,73,3,5,1,7.2,6.1,1
931,20,1,2,73,2,7,0,8.2,7.6,2
752,23,1,2,73,5,7,0,6.7,6.8,1
542,21,1,2,73,6,1,1,5.6,4.3,0
570,22,0,1,102,3,1,1,7.1,6.0,1
369,18,1,0,73,6,4,1,5.9,4.9,0
48,23,0,0,73,2,6,0,8.3,8.8,2
444,19,1,2,73,2,5,0,7.8,8.8,2
352,22,1,0,73,6,1,1,4.8,5.9,0
644,24,0,0,5,3,1,0,7.3,6.5,1
296,20,0,0,73,7,1,1,4.7,4.6,0
866,20,1,0,39,3,1,0,8.2,7.8,2
183,21,0,2,73,8,6,0,5.3,5.9,0
557,24,0,2,73,5,7,1,4.9,4.1,0
971,22,1,1,5,6,11,1,6.8,6.9,1
458,23,1,2,73,3,6,1,8.5,7.3,2
864,21,1,2,73,3,4,0,8.5,8.5,2
504,19,0,2,18,4,1,1,6.1,6.6,1
987,21,0,0,73,5,1,1,5.4,5.1,0
419,21,0,2,73,3,0,0,7.2,9.0,2
869,18,1,2,102,7,4,0,5.3,4.0,0
117,21,0,1,73,8,11,1,5.1,4.2,0
800,20,0,1,39,5,4,0,6.3,6.1,1
6,24,0,2,39,3,11,0,8.0,7.5,2
558,22,0,1,73,8,1,1,4.9,4.0,0
983,18,1,1,73,3,4,1,6.9,6.9,1
79,18,0,0,73,3,1,0,8.3,8.5,2
225,21,1,1,73,5,7,1,7.3,6.7,1
3,23,0,1,103,3,1,0,7.4,7.1,2
634,24,1,1,73,3,1,0,7.4,8.7,2
712,22,0,1,73,1,7,0,9.0,8.6,2
656,21,0,2,33,4,0,1,6.5,6.5,1
873,18,0,0,102,4,4,0,6.9,6.1,1
975,20,1,2,73,5,11,1,5.3,5.4,0
469,22,0,1,73,3,11,0,8.3,7.5,2
421,21,0,2,102,6,5,1,4.5,4.1,0
325,18,0,0,5,5,6,1,7.1,6.4,1
76,18,0,2,73,5,4,1,5.9,5.2,0
371,24,1,2,73,6,6,1,5.5,5.6,0
617,23,0,1,73,5,5,0,6.9,6.1,1
101,23,1,2,18,2,7,1,7.7,8.1,2
831,18,0,2,73,6,11,0,5.6,4.3,0
900,23,0,2,5,4,5,1,6.9,6.6,1
828,18,0,2,103,7,6,0,4.9,5.4,0
312,18,1,2,73,1,7,0,8.0,8.0,2
583,18,1,1,73,3,1,0,6.3,6.5,1
285,18,1,0,73,7,6,1,5.9,4.7,0
267,22,1,2,39,4,5,1,6.6,6.9,1
460,20,0,2,73,8,7,1,5.8,4.6,0
248,21,0,2,73,8,6,0,5.9,5.0,0
652,22,0,2,73,3,6,1,7.1,6.7,1
385,23,0,0,73,7,6,1,5.5,5.7,0
909,24,0,2,73,2,7,1,7.7,8.1,2
422,18,1,2,73,1,7,0,8.9,8.6,2
767,23,0,2,73,6,5,1,5.7,5.9,0
950,19,1,2,73,3,11,0,8.6,7.6,2
16,24,1,1,73,5,0,1,6.8,6.6,1
546,24,0,0,73,3,0,0,7.4,6.3,1
199,21,1,1,73,3,6,0,7.4,7.8,2
496,18,0,0,73,6,0,0,4.7,4.8,0
364,24,0,2,73,7,11,1,5.4,5.6,0
587,22,1,0,103,3,6,0,7.1,7.5,2
838,18,1,1,73,3,4,1,6.7,6.2,1
155,19,1,2,39,5,0,1,7.2,6.2,1
956,18,0,2,103,3,0,0,8.0,8.8,2
632,21,0,2,73,3,0,0,8.2,8.6,2
897,20,1,2,73,1,5,0,8.5,7.5,2
457,23,0,0,18,5,5,1,7.1,6.5,1
358,20,0,1,73,5,11,1,4.9,5.1,0
842,20,1,1,5,3,4,0,8.8,7.9,2
432,24,1,2,73,7,5,1,4.7,5.4,0
688,18,1,0,73,1,5,0,8.1,8.6,2
777,24,0,1,73,3,11,0,8.2,8.2,2
982,22,0,2,73,2,7,0,7.5,8.5,2
548,20,0,2,103,5,7,1,6.5,6.9,1
15,23,0,2,73,5,1,0,6.2,6.2,1
815,19,1,2,5,4,1,1,6.7,6.3,1
914,20,0,2,73,2,6,1,7.7,8.5,2
375,22,0,0,73,5,11,1,6.0,4.7,0
859,20,1,1,73,2,4,0,7.4,8.2,2
834,19,0,0,5,6,6,1,5.5,4.4,0
965,20,1,2,73,7,7,1,5.2,5.2,0
678,20,1,0,103,6,7,1,4.5,4.2,0
791,22,0,0,39,3,11,1,8.9,7.1,2
377,24,0,2,73,1,0,1,7.2,7.6,2
368,19,0,2,73,8,6,1,5.6,5.5,0
193,21,0,1,73,2,5,1,7.4,7.4,2
782,18,1,1,73,2,5,0,8.5,7.6,2
442,23,0,2,73,2,5,1,7.6,7.6,2
722,23,0,1,73,6,6,1,6.0,5.0,0
674,22,1,2,103,3,11,0,7.9,7.3,2
174,21,0,0,103,5,4,0,7.0,6.4,1
374,20,1,2,73,8,4,1,6.0,5.7,0
348,22,1,1,73,4,0,1,6.0,6.3,1
730,18,0,0,73,5,7,1,4.8,5.9,0
281,20,1,1,73,3,6,0,7.9,7.8,2
957,23,0,0,73,2,11,1,7.3,8.5,2
819,19,1,2,103,6,6,1,5.9,5.0,0
27,24,1,2,39,8,7,1,5.1,5.3,0
639,18,1,2,73,7,4,1,5.1,4.1,0
826,19,0,1,73,2,7,0,7.3,8.3,2
723,19,1,0,18,2,6,0,8.4,8.2,2
206,24,1,0,39,2,7,0,8.3,8.9,2
28,21,1,2,73,5,7,1,7.3,6.1,1
728,19,0,1,73,7,5,1,5.7,5.3,0
594,19,0,1,73,4,5,0,6.2,6.2,1
153,21,1,0,73,5,11,0,7.1,6.4,1
784,18,1,1,73,7,4,1,5.0,5.4,0
913,18,1,0,18,6,4,1,6.0,6.0,0
11,19,1,0,73,5,11,0,7.0,6.7,1
451,23,0,2,73,1,6,1,8.7,8.9,2
985,20,1,1,73,6,4,1,4.5,4.7,0
724,20,0,2,73,8,7,1,5.0,5.9,0
239,23,1,1,73,6,4,1,5.9,4.8,0
160,22,1,2,73,5,4,0,7.3,6.9,1
793,19,0,2,73,5,7,1,7.1,6.6,1
389,24,1,0,73,3,7,1,6.3,6.2,1
437,20,1,0,39,5,11,1,5.1,4.2,0
935,20,0,0,102,6,0,1,5.3,4.6,0
321,20,1,2,103,8,1,1,5.1,5.8,0
186,20,1,0,73,7,1,1,6.0,4.5,0
123,18,1,0,73,3,0,0,8.4,7.9,2
198,22,1,0,73,8,1,0,6.0,5.3,0
111,24,0,0,73,3,7,0,7.2,7.3,2
743,18,0,2,103,3,7,0,8.4,7.2,2
953,19,1,2,73,2,1,0,7.1,8.2,2
998,18,0,0,73,4,7,1,6.9,6.8,1
802,21,0,1,73,4,11,0,6.1,6.3,1
742,24,0,2,73,4,11,0,7.3,6.1,1
224,24,0,1,73,5,0,1,5.5,4.1,0
131,21,0,2,39,3,0,1,7.2,8.5,2
169,19,0,2,73,5,1,0,5.5,4.0,0
382,22,0,1,39,7,11,1,5.5,4.7,0
918,20,1,0,73,3,5,0,6.7,6.2,1
593,21,0,1,73,3,4,0,8.9,7.9,2
52,24,1,0,73,4,0,0,6.1,6.0,1
90,19,0,2,73,6,11,1,5.6,5.0,0
60,23,1,1,73,3,5,0,7.0,6.0,1
338,19,1,1,18,3,11,1,8.5,8.0,2
452,19,1,1,73,5,4,1,6.3,6.4,1
736,19,0,1,39,6,6,1,6.8,6.5,1
746,23,0,1,73,3,6,0,8.6,7.7,2
44,19,1,2,103,5,7,0,7.5,6.6,1
773,24,0,0,39,5,7,1,4.6,5.1,0
721,20,0,2,39,5,6,1,6.0,6.5,1
129,21,1,2,18,5,0,0,6.0,6.3,1
606,19,0,2,39,5,0,1,7.4,6.5,1
961,18,1,2,73,2,7,0,8.3,7.4,2
780,24,1,0,73,1,4,0,8.4,7.6,2
215,21,1,1,39,3,1,0,7.2,7.2,2
290,18,0,0,73,4,6,0,6.6,7.0,1
53,23,1,0,73,6,11,0,5.9,5.6,0
408,18,1,0,73,6,6,1,5.9,4.9,0
310,20,0,0,73,1,1,0,7.8,7.8,2
702,23,1,1,102,2,4,0,8.8,8.1,2
660,18,1,1,73,5,0,0,6.1,6.2,1
14,20,1,2,73,3,4,0,6.9,6.6,1
288,22,0,1,39,7,1,0,5.1,4.1,0
350,19,1,2,103,3,7,1,6.1,6.0,1
611,20,1,2,73,8,6,0,4.9,4.8,0
735,24,1,0,73,5,5,0,6.1,6.1,1
402,24,0,1,5,8,0,1,5.9,5.5,0
488,21,0,0,73,7,11,1,4.7,6.0,0
524,20,0,0,5,7,5,1,5.2,4.8,0
535,19,1,1,39,5,5,1,7.0,6.8,1
431,18,1,2,18,6,7,0,4.7,4.2,0
664,19,1,1,73,5,0,1,6.5,6.1,1
572,21,1,2,73,5,0,1,5.7,6.0,0
428,20,1,2,18,7,1,1,4.7,5.2,0
430,23,1,0,73,7,5,1,5.3,4.5,0
238,20,1,1,73,3,11,1,6.7,6.0,1
179,21,0,1,73,3,4,1,6.9,6.1,1
289,21,0,1,18,5,11,1,6.0,5.1,0
958,18,1,1,73,3,0,0,8.4,8.3,2
991,19,1,2,73,7,6,1,5.5,4.1,0
894,20,0,2,73,7,4,1,5.9,4.2,0
22,19,1,2,73,6,6,1,4.6,4.9,0
919,22,1,1,39,3,0,0,8.6,8.3,2
487,20,0,2,5,5,4,1,4.9,5.9,0
177,22,0,1,73,6,5,1,5.1,5.7,0
405,22,0,0,73,2,0,0,9.0,7.1,2
45,19,1,2,39,6,11,1,5.9,5.9,0
682,19,0,1,103,5,11,0,7.0,6.7,1
698,21,0,0,33,7,4,1,5.5,4.4,0
384,23,0,2,39,6,1,1,4.6,5.2,0
677,20,1,1,73,7,7,1,5.4,5.3,0
858,19,0,1,18,7,7,1,4.6,5.8,0
283,20,0,0,102,7,6,1,5.9,4.2,0
718,24,1,2,73,5,11,1,6.5,6.0,1
936,21,1,0,73,5,7,0,5.4,4.9,0
98,21,0,1,73,5,11,1,4.9,4.1,0
895,19,0,2,73,2,7,0,7.6,8.9,2
242,24,1,0,33,6,5,1,5.3,4.3,0
602,22,0,1,73,6,5,1,4.6,4.3,0
207,20,0,2,73,6,0,1,5.9,5.3,0
185,24,0,1,73,4,7,0,6.2,6.2,1
286,23,1,2,33,3,6,0,8.9,8.0,2
926,21,0,1,102,7,0,0,5.9,4.7,0
65,22,0,0,73,3,1,1,8.7,8.0,2
214,24,1,1,5,4,5,1,6.4,6.8,1
997,21,0,2,73,6,7,1,4.5,5.3,0
166,22,1,2,73,3,6,0,8.2,7.4,2
213,24,1,1,73,5,4,1,6.9,6.9,1
977,20,0,0,102,5,4,1,5.5,4.3,0
856,23,0,2,73,6,7,1,5.1,4.9,0
24,21,1,0,73,3,6,0,7.7,7.5,2
745,20,1,2,73,7,0,1,4.6,4.4,0
574,22,0,2,73,7,4,0,5.6,5.3,0
467,18,0,2,73,7,6,1,5.8,4.6,0
157,24,0,2,103,6,7,1,6.0,5.2,0
596,21,1,2,39,7,0,1,5.8,4.8,0
41,18,0,1,73,5,7,1,5.0,5.6,0
618,23,0,0,18,2,7,0,7.4,8.4,2
392,20,1,2,102,6,0,0,4.7,4.3,0
753,23,0,2,18,4,5,1,7.4,6.1,1
530,20,0,1,33,8,5,1,4.8,4.0,0
518,18,1,0,73,6,7,1,5.9,4.1,0
459,22,1,2,73,5,0,1,4.6,4.8,0
116,24,0,1,73,5,6,0,5.8,5.6,0
599,22,0,1,73,1,5,0,8.4,8.1,2
272,23,1,1,73,7,5,1,5.1,5.7,0
630,24,1,2,73,3,7,0,7.8,8.4,2
672,24,0,0,73,1,6,0,8.7,8.0,2
453,21,1,0,39,7,6,1,5.0,4.5,0
549,21,1,1,33,1,1,1,8.7,8.1,2
462,19,1,0,103,7,6,1,4.9,4.2,0
426,21,1,2,103,7,11,1,5.9,4.7,0
750,20,0,1,18,4,0,0,6.4,6.2,1
31,23,1,2,73,8,7,0,5.7,4.9,0
391,21,0,2,73,8,6,0,4.6,4.8,0
247,18,0,1,73,8,0,0,4.7,5.6,0
219,19,1,1,73,4,6,1,7.0,6.1,1
994,20,0,0,73,2,11,0,7.8,7.5,2
929,18,1,0,102,7,4,1,5.4,4.2,0
107,24,1,1,73,3,4,0,7.9,8.8,2
218,21,0,2,73,5,1,1,4.9,5.6,0
57,23,1,1,73,3,1,0,8.4,7.3,2
576,19,1,2,103,3,7,1,6.6,6.9,1
17,19,1,2,73,7,6,1,5.4,4.2,0
765,24,1,0,73,2,1,1,7.2,7.2,2
260,18,1,2,73,6,5,1,4.5,5.2,0
189,24,1,2,73,4,4,1,7.5,6.8,1
500,21,0,2,5,3,7,0,6.7,6.6,1
495,24,0,1,103,7,11,1,5.9,4.3,0
663,21,0,2,39,4,4,1,6.4,6.4,1
774,23,1,2,73,2,4,0,7.1,8.8,2
915,19,0,1,33,6,0,0,5.9,5.3,0
739,21,0,1,73,3,7,0,8.2,7.3,2
40,22,0,0,5,7,6,1,5.2,4.5,0
152,18,1,0,39,6,1,1,4.6,4.1,0
684,23,1,0,73,7,1,1,5.7,4.5,0
979,24,0,1,73,7,11,1,4.7,4.0,0
94,24,1,1,18,6,7,1,6.0,4.5,0
9,19,1,2,73,3,7,1,6.9,6.8,1
72,21,1,1,73,3,5,1,7.5,8.9,2
787,21,1,0,73,5,6,1,6.4,7.0,1
764,18,0,2,73,4,4,0,6.2,6.4,1
347,19,1,1,73,2,11,0,8.0,7.4,2
63,23,0,0,73,3,5,0,8.4,8.4,2
758,20,0,1,103,5,6,0,6.8,6.5,1
737,22,1,0,73,5,0,1,7.2,6.0,1
892,24,0,2,18,1,11,0,7.1,7.5,2
379,19,1,0,73,3,11,0,7.0,6.7,1
406,22,1,2,5,1,1,0,8.7,8.6,2
878,21,1,0,39,4,1,0,7.3,6.1,1
323,21,1,2,73,7,1,1,4.8,4.8,0
146,22,0,1,73,4,0,1,6.0,6.2,1
314,20,1,0,73,2,7,0,7.7,7.7,2
141,20,1,1,73,5,4,1,5.5,6.0,0
555,18,1,2,73,4,4,0,6.1,6.4,1
751,24,1,1,18,3,6,0,7.5,8.0,2
170,20,0,1,73,6,7,1,5.1,5.7,0
343,21,1,2,73,8,5,1,4.7,5.0,0
959,18,0,2,73,3,5,0,7.8,8.5,2
853,19,0,1,73,5,6,0,6.3,6.8,1
619,21,1,2,73,5,11,1,6.6,6.3,1
275,22,1,2,73,3,4,0,8.1,7.2,2
928,22,1,1,103,8,11,1,5.2,4.7,0
294,21,0,0,73,7,6,1,5.8,5.6,0
150,21,1,0,73,6,11,1,5.9,4.5,0
300,21,1,0,73,8,5,1,4.7,5.4,0
257,19,1,1,103,2,4,0,7.2,8.6,2
5,23,0,0,73,6,1,1,5.4,5.4,0
47,24,0,1,73,4,4,1,6.7,6.4,1
627,23,0,1,73,7,5,1,5.3,5.3,0
575,21,1,2,73,6,0,1,4.6,4.5,0
871,20,0,1,73,2,0,0,8.4,8.4,2
436,19,0,1,73,8,4,1,5.0,4.5,0
106,18,1,2,73,2,4,0,8.7,8.6,2
990,18,0,0,73,6,0,1,5.1,5.2,0
301,24,1,0,73,2,5,0,8.5,7.6,2
917,18,0,1,73,4,4,1,6.8,6.3,1
178,20,1,1,39,7,1,1,5.4,4.1,0
386,19,0,2,73,4,0,0,6.2,6.6,1
840,21,1,1,73,2,6,0,7.4,8.9,2
168,22,0,2,73,2,11,0,8.8,9.0,2
843,20,1,2,73,2,7,0,8.2,7.3,2
355,19,1,0,73,7,1,1,4.7,5.5,0
658,23,0,2,73,5,11,0,6.6,6.5,1
539,21,1,1,102,3,1,0,8.5,8.4,2
566,18,0,1,103,5,7,0,4.5,5.8,0
37,19,1,0,73,2,4,0,8.4,7.6,2
515,20,0,0,73,6,0,0,5.5,4.3,0
789,21,0,0,73,2,7,0,7.5,7.9,2
92,24,1,1,39,8,1,1,4.8,4.5,0
164,22,1,2,73,1,1,0,7.2,8.2,2
50,21,1,1,73,5,1,1,6.6,6.5,1
20,21,0,2,103,6,5,1,5.3,6.0,0
85,23,0,0,73,7,1,0,5.3,5.5,0
1000,24,1,2,33,7,4,1,5.8,4.2,0
941,21,1,2,5,5,1,1,7.5,6.6,1
13,20,0,1,73,1,7,0,7.2,7.5,2
532,22,0,2,73,7,11,1,5.1,4.9,0
250,24,1,0,73,8,7,1,6.0,4.8,0
889,24,0,1,73,3,1,0,6.9,6.5,1
633,21,1,0,39,7,0,1,5.5,5.7,0
761,22,0,2,73,7,1,1,5.9,4.0,0
960,22,0,0,18,7,6,1,5.8,4.2,0
695,24,0,0,73,5,5,1,6.9,6.4,1
134,19,0,2,73,4,4,1,6.6,6.5,1
231,24,0,1,103,7,1,0,5.3,4.9,0
731,19,0,1,39,8,5,1,5.8,4.8,0
144,22,0,1,39,6,6,0,5.3,5.0,0
475,20,0,0,73,7,5,0,5.9,4.6,0
927,24,0,1,73,7,11,1,4.8,5.4,0
863,23,1,0,73,8,0,1,5.7,4.0,0
418,20,0,0,102,5,11,0,7.1,6.6,1
353,22,0,2,73,4,4,1,7.0,6.7,1
237,21,0,1,103,5,1,1,5.8,5.1,0
137,23,1,0,73,6,4,1,5.4,4.3,0
477,18,0,0,73,3,5,1,6.2,6.8,1
592,22,0,0,103,3,0,1,6.9,6.5,1
506,18,1,0,5,4,7,1,7.4,6.5,1
461,21,1,2,73,8,4,1,5.5,5.6,0
330,23,0,2,73,8,5,1,5.6,5.8,0
559,19,1,1,103,5,4,1,5.3,5.0,0
922,23,1,0,73,6,5,1,5.3,5.0,0
329,18,1,2,73,2,5,0,7.5,8.2,2
571,19,0,1,73,6,11,1,5.8,4.3,0
883,20,0,1,73,7,1,0,4.5,5.9,0
766,24,1,1,73,3,4,0,7.2,8.9,2
203,18,0,1,73,3,6,0,8.6,8.7,2
334,19,0,1,103,1,1,0,8.2,8.2,2
565,18,1,0,73,6,11,1,5.8,4.5,0
182,23,1,0,39,2,11,0,7.7,7.6,2
372,24,0,2,73,3,11,1,7.7,7.9,2
327,21,0,0,73,6,7,1,5.9,4.1,0
233,21,0,2,73,3,11,0,7.6,7.6,2
479,22,1,0,73,2,5,1,8.1,7.3,2
357,22,1,2,73,8,11,1,5.6,5.4,0
404,21,1,0,73,3,7,0,7.5,8.9,2
783,21,1,0,103,5,6,1,5.5,5.4,0
781,24,0,0,73,2,7,0,8.0,7.0,2
493,22,1,2,73,6,11,1,6.7,6.4,1
854,19,1,0,103,5,11,1,5.3,5.8,0
108,19,1,0,73,4,0,0,6.0,6.3,1
415,20,1,1,73,5,6,1,6.8,6.8,1
176,18,1,1,73,5,11,1,4.5,5.7,0
140,19,1,2,73,7,6,1,4.7,4.1,0
58,20,0,1,73,8,1,1,5.8,4.9,0
715,18,0,1,73,7,11,1,5.8,4.7,0
159,18,0,1,5,6,4,1,5.9,5.4,0
126,23,0,1,73,2,4,0,8.1,8.8,2
56,19,1,1,5,5,11,1,6.0,5.8,0
646,21,1,1,18,7,6,1,4.5,4.5,0
986,23,1,0,73,5,5,1,5.8,4.0,0
579,23,0,1,73,7,1,1,5.9,5.2,0
801,24,0,0,39,3,5,1,7.1,7.2,2
135,21,0,1,33,3,11,0,8.7,8.6,2
874,21,1,1,73,3,6,1,8.5,7.1,2
562,19,0,1,73,5,11,0,6.4,6.6,1
424,23,1,2,73,2,0,0,7.7,7.9,2
304,22,0,2,73,5,6,1,5.7,4.1,0
795,21,0,0,73,4,1,1,6.4,6.7,1
554,24,1,0,73,6,5,0,5.3,4.3,0
568,23,0,2,33,7,1,1,5.6,5.1,0
420,24,0,1,73,6,6,1,4.9,5.4,0
244,19,1,0,73,5,11,1,6.2,6.4,1
534,18,0,0,102,6,0,1,5.8,4.6,0
511,23,1,1,39,7,7,1,5.3,6.0,0
837,21,0,0,39,3,4,0,7.2,7.5,2
412,22,0,1,73,4,11,1,6.4,6.0,1
380,22,1,0,73,5,5,0,6.6,6.4,1
920,22,0,2,73,6,11,1,5.6,5.0,0
521,19,1,0,73,7,4,1,5.8,4.1,0
291,23,0,0,73,5,5,0,6.1,6.6,1
447,21,0,0,73,3,6,1,7.5,9.0,2
741,22,0,0,73,5,4,1,7.2,6.3,1
485,19,0,0,73,2,11,0,8.6,7.5,2
899,23,0,2,73,6,7,1,5.6,4.6,0
852,23,1,2,73,4,6,1,7.4,6.9,1
387,23,1,0,73,2,4,0,7.1,7.1,2
833,22,1,1,39,5,7,1,6.3,6.9,1
399,18,1,2,73,5,7,1,6.0,6.5,1
868,19,0,2,33,5,6,1,5.2,4.1,0
586,24,0,2,73,8,7,1,5.0,4.7,0
397,19,1,2,73,6,6,0,5.0,5.6,0
322,21,1,1,73,7,7,1,5.0,4.1,0
906,19,1,2,102,2,5,0,7.5,7.8,2
184,18,1,0,73,3,0,1,7.3,8.5,2
744,19,0,1,73,4,4,1,6.1,6.3,1
803,20,1,0,73,3,6,1,7.1,8.1,2
934,18,1,0,73,7,7,1,5.3,5.0,0
227,21,0,1,103,3,0,0,7.5,8.3,2
648,23,1,2,103,4,11,1,6.9,6.2,1
523,18,1,1,73,5,11,1,6.9,6.4,1
388,20,1,0,5,7,7,1,5.3,6.0,0
629,19,0,0,39,3,4,0,7.4,6.9,1
69,22,0,0,39,8,1,0,6.0,5.5,0
551,19,0,2,73,8,7,0,4.7,4.6,0
309,21,1,2,73,4,5,0,6.6,6.9,1
256,23,0,2,39,7,11,1,4.7,4.8,0
121,23,0,1,73,5,0,1,7.3,6.2,1
149,18,1,1,73,5,5,0,6.2,6.1,1
628,22,0,2,73,4,6,0,6.4,6.9,1
390,22,1,1,73,5,6,1,6.1,6.3,1
908,21,0,1,73,8,0,1,5.2,5.1,0
251,20,1,2,5,5,5,1,5.8,4.9,0
645,24,0,0,73,8,11,1,4.5,5.6,0
771,21,1,0,73,4,7,1,6.6,7.0,1
474,21,0,1,33,7,5,1,4.9,5.1,0
271,22,0,1,73,3,7,0,8.5,7.0,2
365,18,1,2,73,7,1,0,5.4,5.5,0
509,20,0,0,73,3,5,1,6.3,6.2,1
317,20,0,2,103,7,4,1,6.0,4.1,0
298,22,1,2,73,6,6,1,5.4,6.0,0
729,24,0,2,73,6,4,1,6.0,4.8,0
613,21,0,0,73,4,4,1,6.8,6.3,1
649,18,1,0,39,3,1,1,7.7,8.5,2
581,19,1,2,73,8,7,1,4.8,4.9,0
401,21,0,2,73,8,0,1,5.7,5.0,0
967,18,0,2,73,6,6,1,5.5,5.0,0
252,19,0,2,73,4,11,0,6.9,6.9,1
951,24,0,0,73,5,1,0,6.4,6.8,1
556,22,0,2,73,4,1,1,6.6,6.8,1
616,23,0,2,39,1,7,0,7.0,8.9,2
601,18,1,0,33,6,11,1,4.6,5.1,0
217,18,1,0,18,1,7,0,7.3,8.9,2
700,21,1,2,73,7,1,0,5.8,5.1,0
513,21,0,2,73,6,1,1,5.2,5.9,0
448,24,1,0,73,5,7,1,5.9,4.4,0
598,20,1,0,5,2,11,0,8.7,7.2,2
346,18,1,1,73,6,4,1,5.0,5.0,0
202,20,1,0,73,2,4,1,8.8,8.5,2
525,20,1,0,73,6,6,1,5.3,5.1,0
165,19,0,0,33,5,5,1,7.3,6.3,1
18,21,1,0,5,4,1,1,7.4,6.6,1
992,21,1,1,73,2,0,1,8.7,8.9,2
480,21,1,1,73,1,1,0,8.1,7.8,2
80,23,0,1,73,6,6,1,6.0,4.3,0
216,23,1,0,73,5,6,1,5.5,4.2,0
768,19,0,0,73,4,6,1,6.5,6.8,1
810,24,0,0,73,8,5,0,5.6,6.0,0
210,21,1,1,5,3,7,1,7.4,6.7,1
306,22,1,2,18,4,7,0,6.9,6.1,1
796,24,0,2,73,2,11,0,8.8,8.5,2
316,22,1,0,73,8,4,1,4.5,5.4,0
10,22,1,0,73,6,5,1,5.2,5.2,0
846,22,1,0,73,1,6,1,8.2,8.6,2
624,22,0,0,18,6,1,1,5.4,4.4,0
937,19,1,0,102,1,6,0,7.6,8.3,2
417,20,0,2,73,3,6,0,8.8,8.5,2
268,24,1,1,73,6,5,0,5.4,5.4,0
825,23,1,2,73,7,7,1,5.7,5.9,0
747,20,0,0,73,5,6,1,7.4,6.7,1
83,18,0,2,73,7,0,0,4.5,5.9,0
947,21,0,2,73,1,1,0,8.7,7.4,2
794,22,0,1,73,5,4,0,6.7,6.5,1
472,21,1,1,39,6,5,0,5.5,5.9,0
341,22,0,2,73,2,5,0,8.0,8.6,2
491,24,1,0,33,5,11,1,6.5,6.4,1
563,23,1,2,73,5,6,1,6.8,6.9,1
829,20,0,0,33,6,6,1,5.1,4.9,0
360,22,0,2,73,7,4,1,6.0,4.1,0
282,21,0,1,18,4,0,0,7.1,6.5,1
540,19,1,2,18,7,0,1,5.4,4.4,0
580,21,0,1,73,2,4,0,8.9,8.3,2
625,19,0,2,73,6,6,1,5.0,4.8,0
946,22,1,2,5,5,5,1,7.4,6.9,1
615,20,0,0,103,2,7,0,7.3,7.1,2
798,19,0,1,73,4,0,1,6.9,6.7,1
54,21,1,0,18,3,11,1,9.0,8.5,2
222,23,0,0,39,3,1,0,7.6,7.9,2
952,24,0,2,73,2,1,0,8.0,8.7,2
875,23,0,1,73,4,7,0,7.3,6.0,1
687,24,1,1,73,7,4,1,5.8,4.4,0
754,23,0,1,73,7,0,0,5.6,4.6,0
226,23,1,0,39,8,7,0,5.6,5.7,0
655,22,0,0,39,4,1,0,7.0,6.3,1
181,21,0,0,39,2,6,1,8.7,7.5,2
59,20,1,2,73,8,7,1,4.6,4.7,0
366,19,1,1,73,6,6,1,5.4,4.9,0
171,20,1,0,73,7,4,1,4.6,5.0,0
582,20,0,1,73,6,11,1,5.1,4.1,0
34,24,0,0,73,3,0,0,7.2,7.3,2
99,23,0,2,73,6,6,1,5.9,4.6,0
376,20,1,1,73,2,11,0,7.6,7.6,2
689,24,1,1,73,5,6,1,5.6,5.3,0
132,19,1,1,73,4,11,1,6.4,6.4,1
981,21,1,1,73,6,7,1,4.6,4.0,0
89,23,0,2,73,5,1,0,6.6,6.3,1
995,19,1,0,73,8,11,0,4.5,5.8,0
187,22,0,2,73,7,6,1,4.8,5.7,0
792,24,1,0,73,3,4,0,8.5,8.0,2
823,18,1,1,39,3,4,1,8.6,7.4,2
454,24,1,2,18,6,0,1,5.6,4.5,0
378,22,1,1,73,5,1,1,5.8,5.2,0
113,24,0,1,73,3,11,1,7.4,6.7,1
318,21,1,0,33,7,4,1,5.1,4.3,0
903,18,1,2,73,7,11,0,5.2,4.9,0
636,24,0,2,33,5,7,1,4.6,4.8,0
573,19,0,1,73,5,0,0,6.7,6.6,1
681,18,1,2,73,2,6,0,8.1,7.1,2
138,18,1,1,73,5,0,0,5.1,4.1,0
830,19,1,1,73,5,0,1,6.8,6.4,1
962,20,1,0,73,2,4,0,8.2,7.7,2
693,24,1,2,73,1,5,0,8.9,7.4,2
253,21,0,1,5,5,4,1,6.8,6.6,1
921,23,0,1,33,6,1,0,4.6,6.0,0
720,22,1,1,73,6,4,1,4.8,4.7,0
342,20,0,2,73,6,1,1,4.5,4.4,0
813,18,1,1,73,3,4,1,7.9,8.2,2
446,23,1,2,103,2,4,0,7.5,7.4,2
517,24,0,2,73,6,5,0,4.9,4.2,0
486,20,0,0,73,6,4,1,5.7,5.3,0
258,21,0,2,39,4,6,0,6.1,6.5,1
204,21,0,1,73,2,7,1,7.0,8.4,2
393,23,0,2,5,2,1,0,8.6,7.7,2
704,23,1,0,73,3,6,0,8.6,7.9,2
980,19,1,0,73,3,1,0,8.2,7.3,2
612,19,1,1,73,6,6,1,5.0,4.2,0
872,18,1,2,73,7,7,1,4.9,4.3,0
635,23,0,0,73,4,7,0,7.3,6.3,1
948,24,0,2,73,3,0,0,6.8,6.9,1
414,23,0,2,33,6,5,1,5.3,5.7,0
717,18,1,1,18,6,1,1,5.6,4.6,0
881,18,0,2,73,7,0,0,5.4,4.0,0
39,18,1,1,73,5,5,1,6.5,6.8,1
597,20,0,0,73,5,11,1,5.0,5.6,0
373,18,0,2,73,8,7,1,5.4,5.7,0
407,20,1,0,33,4,11,0,6.1,6.5,1
274,20,1,1,39,7,4,0,5.2,5.2,0
112,22,1,0,39,5,7,1,7.1,7.0,1
969,22,1,2,73,6,1,1,5.8,5.5,0
891,21,1,2,18,2,7,0,8.8,7.0,2
585,22,1,2,73,4,0,0,6.7,6.3,1
167,18,0,0,73,5,7,1,5.6,4.4,0
66,23,1,2,39,1,1,0,7.8,7.0,2
19,22,1,0,73,4,0,1,6.6,6.9,1
278,23,1,2,102,3,7,0,7.3,7.0,2
622,22,0,2,73,6,11,1,5.0,4.1,0
465,21,1,1,73,5,0,1,4.6,5.2,0
697,24,0,1,73,3,0,1,7.5,8.8,2
427,18,0,1,103,7,11,1,5.5,5.8,0
707,24,0,0,73,7,11,0,4.9,4.9,0
526,18,1,1,73,1,5,0,8.4,7.7,2
245,22,1,1,102,8,5,1,5.4,5.1,0
228,18,1,2,73,7,1,1,5.9,4.8,0
313,23,1,1,39,2,1,0,8.8,8.4,2
850,24,1,0,73,5,5,1,4.8,4.9,0
455,21,1,1,103,6,0,1,5.7,5.6,0
668,24,1,2,73,7,7,1,5.3,4.1,0
584,22,0,2,18,4,11,1,7.2,6.3,1
345,22,1,2,73,6,5,1,5.6,4.2,0
398,24,1,0,73,7,1,1,5.7,5.7,0
332,18,0,2,73,8,6,1,4.8,5.3,0
254,19,1,0,39,5,11,0,6.0,7.0,1
701,24,1,0,103,4,6,0,6.3,6.2,1
896,24,1,1,73,7,11,1,5.6,5.7,0
344,21,0,0,73,8,7,0,5.2,5.6,0
331,21,1,1,18,2,1,0,7.0,8.2,2
949,19,0,0,5,6,0,1,5.2,5.9,0
262,21,0,1,73,7,4,1,4.6,5.4,0
755,20,0,1,103,4,11,0,6.1,6.7,1
879,18,1,0,73,6,0,1,4.8,5.0,0
77,24,0,2,33,3,6,0,7.9,7.4,2
68,19,0,0,73,5,4,0,7.1,6.5,1
807,24,1,2,73,2,4,0,7.9,8.8,2
74,21,0,0,73,2,4,0,8.7,8.4,2
326,23,0,2,73,2,7,0,8.5,8.3,2
817,22,0,1,73,5,6,1,6.3,6.8,1
97,21,1,0,73,5,11,0,6.7,6.8,1
560,21,0,1,73,8,11,1,5.6,4.5,0
907,18,1,0,73,2,1,0,7.3,8.2,2
292,19,1,1,73,5,4,0,7.4,6.5,1
626,22,1,1,73,1,6,0,7.7,7.8,2
265,18,0,1,73,7,5,1,5.4,5.8,0
529,18,0,1,103,1,11,0,7.9,7.2,2
507,18,0,1,73,2,5,0,8.2,7.4,2
93,18,0,2,103,2,1,0,8.7,7.9,2
42,18,1,1,73,5,4,1,5.9,5.5,0
816,18,0,1,102,3,7,1,7.1,7.0,1
87,18,1,0,103,3,11,1,6.0,6.7,1
726,20,1,2,73,8,4,0,5.9,5.9,0
637,20,1,1,73,8,7,1,5.2,5.4,0
710,23,1,2,18,6,5,1,6.5,6.1,1
75,19,0,0,73,6,0,1,4.6,4.3,0
354,22,0,1,73,7,6,1,4.5,5.9,0
340,21,0,0,73,2,0,0,8.7,8.3,2
145,19,1,2,102,3,5,1,6.6,6.8,1
528,22,1,2,103,5,11,1,5.2,4.6,0
49,20,1,0,39,5,5,1,5.8,5.1,0
443,22,0,2,73,4,5,1,6.7,6.9,1
578,20,1,1,73,2,4,0,8.5,8.7,2
901,20,0,2,73,5,4,0,6.5,6.8,1
785,18,0,2,73,6,4,0,5.1,4.2,0
175,22,1,1,73,4,11,0,8.5,8.5,2
638,22,0,1,102,5,0,1,7.1,6.1,1
516,20,0,2,73,4,7,0,6.0,7.0,1
180,24,0,2,5,2,4,0,7.1,7.1,2
324,23,0,1,73,4,1,1,7.1,8.0,2
476,21,0,1,73,5,4,0,6.9,6.0,1
86,22,1,1,73,3,11,0,7.4,9.0,2
876,19,1,1,73,4,6,0,7.0,6.2,1
805,20,1,2,103,7,6,1,5.6,5.3,0
136,19,1,2,103,6,4,1,5.5,4.7,0
806,22,0,0,73,7,1,1,5.8,4.3,0
955,19,0,2,73,5,7,0,6.8,6.2,1
966,18,1,1,73,6,5,0,5.4,4.1,0
319,20,0,0,73,3,6,0,8.6,7.5,2
749,23,0,0,73,4,6,0,6.1,6.3,1
32,22,1,2,5,6,11,0,5.5,4.8,0
569,20,0,0,103,6,0,1,5.5,5.7,0
25,24,1,0,39,8,4,1,5.1,5.1,0
595,21,1,2,73,5,0,0,7.3,6.6,1
844,22,1,2,73,6,5,1,4.6,5.2,0
588,22,1,2,73,2,11,0,7.7,8.9,2
760,22,0,0,73,1,4,1,7.1,7.4,2
974,21,1,1,73,3,5,0,6.7,6.8,1
35,22,0,2,73,7,6,1,5.2,5.1,0
607,20,0,2,73,6,6,0,5.8,4.1,0
229,19,1,2,103,5,7,0,7.3,6.6,1
62,18,1,0,102,6,5,1,5.8,5.6,0
545,23,0,0,102,5,5,1,5.5,4.5,0
508,24,0,0,73,7,11,1,5.6,5.0,0
499,19,0,0,73,4,4,0,6.9,6.5,1
26,19,1,2,73,6,4,1,5.4,5.8,0
114,23,1,1,73,3,11,0,6.7,6.3,1
192,24,1,0,73,4,11,0,6.7,6.1,1
449,18,0,2,73,2,4,0,7.3,7.3,2
657,18,0,0,73,2,7,0,8.6,8.0,2
263,21,1,0,5,7,6,1,4.7,5.8,0
12,19,0,0,102,8,5,1,5.0,4.5,0
522,20,0,1,103,2,0,1,8.0,9.0,2
82,19,1,1,73,8,5,1,4.8,5.4,0
893,21,1,1,39,2,5,0,7.4,8.0,2
984,22,0,1,33,6,5,1,4.7,5.4,0
473,19,0,2,73,3,4,0,6.1,6.6,1
818,22,0,2,73,2,0,0,7.0,7.2,2
490,23,1,2,73,3,1,0,8.8,9.0,2
973,24,1,0,73,7,7,1,5.6,5.1,0
799,22,0,2,5,3,11,0,8.3,7.8,2
71,22,1,2,73,6,0,1,5.2,4.3,0
456,23,0,0,39,2,0,1,7.7,8.7,2
125,22,1,2,73,6,0,1,5.1,4.7,0
821,23,0,1,73,6,1,1,5.8,5.5,0
162,21,1,2,18,3,11,1,6.2,6.1,1
308,23,1,1,5,3,11,0,8.7,7.8,2
361,20,1,2,73,6,11,1,6.0,5.1,0
910,18,1,2,73,2,7,1,7.3,8.4,2
148,18,1,1,73,6,5,1,5.0,5.5,0
939,23,0,0,73,7,1,1,4.6,4.3,0
930,23,0,2,73,4,7,1,6.9,6.1,1
714,23,1,0,73,6,6,0,5.6,5.0,0
234,19,1,1,39,3,0,0,8.8,7.9,2
21,20,1,0,73,2,4,0,7.6,7.6,2
492,21,0,2,39,3,0,0,7.8,7.1,2
650,20,1,1,73,5,1,0,6.7,6.8,1
993,18,1,1,73,6,1,0,4.8,5.8,0
543,21,1,2,73,8,5,0,4.9,5.6,0
200,21,0,1,73,5,6,1,5.6,6.0,0
968,18,0,1,73,5,5,1,4.6,5.6,0
128,18,1,2,103,7,1,1,5.9,4.4,0
236,24,1,0,73,6,1,0,5.3,4.8,0
822,19,0,2,103,2,4,0,8.9,7.4,2
740,24,1,2,73,6,6,1,5.7,5.6,0
653,18,1,1,5,4,7,1,6.1,6.5,1
999,21,0,2,73,7,6,1,5.5,4.8,0
772,20,0,1,102,3,6,0,7.2,8.1,2
590,22,0,2,73,7,1,1,5.4,4.7,0
505,19,0,1,73,5,4,1,6.3,6.4,1
642,20,0,1,73,6,11,1,5.2,4.6,0
88,21,1,2,73,3,6,0,7.1,7.1,2
811,20,1,2,73,2,5,1,7.1,9.0,2
276,23,1,2,5,7,5,1,5.9,4.1,0
898,23,0,0,73,7,11,1,5.7,4.2,0
279,21,1,2,73,5,11,1,4.9,5.5,0
804,19,0,1,73,4,4,1,7.2,6.5,1
154,19,0,0,103,6,0,1,4.8,4.2,0
273,20,0,2,73,4,5,0,6.2,6.7,1
832,22,0,2,73,3,4,0,6.2,6.9,1
651,23,1,2,73,6,4,0,5.6,4.5,0
466,19,0,0,103,6,6,1,5.5,5.6,0
849,20,1,1,103,2,4,0,7.6,8.9,2
665,20,1,2,73,6,5,0,5.8,4.9,0
212,23,1,0,73,6,6,1,5.4,4.6,0
498,21,1,0,102,5,11,1,5.3,5.8,0
249,20,1,1,73,7,1,1,5.3,5.1,0
196,23,0,0,73,7,0,1,5.7,4.6,0
435,19,1,0,73,6,6,1,4.8,4.0,0
336,20,0,2,73,5,7,1,5.2,5.5,0
482,18,1,2,73,8,4,1,5.2,4.6,0
194,19,0,2,73,6,7,1,5.5,4.4,0
690,22,1,1,39,6,6,1,4.7,4.3,0
514,18,0,2,73,6,4,1,4.6,5.4,0
779,21,0,1,33,5,4,1,5.1,5.9,0
716,23,0,2,5,7,4,0,5.1,4.3,0
661,19,1,0,73,5,5,1,5.6,4.5,0
470,21,0,1,73,5,1,1,6.0,4.4,0
553,21,1,1,73,1,4,0,9.0,8.2,2
877,18,1,0,73,6,5,0,5.4,4.1,0
797,23,1,2,73,3,1,1,6.5,6.6,1
264,18,1,1,73,8,6,1,5.6,4.5,0
835,19,1,2,39,7,7,1,5.5,4.7,0
61,19,1,2,73,8,5,1,5.2,5.0,0
675,22,1,2,73,6,6,0,5.2,5.8,0
191,18,0,2,73,4,0,0,7.1,6.6,1
269,23,1,1,73,3,11,0,8.5,8.9,2
394,21,1,2,73,6,7,0,5.0,6.0,0
320,22,1,1,73,6,1,0,4.7,4.4,0
924,24,1,0,102,2,0,0,7.5,7.1,2
544,19,1,2,73,3,1,1,8.7,8.5,2
8,18,1,1,73,2,1,1,8.8,8.6,2
411,23,1,1,73,1,11,0,7.1,8.1,2
91,22,1,1,103,7,0,1,5.9,4.4,0
221,18,0,1,18,6,11,1,5.2,5.2,0
197,22,1,2,73,7,0,1,5.0,6.0,0
912,23,0,0,33,5,4,0,7.3,6.9,1
438,22,1,1,73,6,6,0,5.5,5.9,0
885,24,0,0,73,4,4,1,6.8,6.4,1
589,20,1,0,73,7,0,1,5.6,5.6,0
362,24,1,0,73,3,6,1,7.7,7.7,2
297,23,1,0,73,5,11,1,6.6,6.4,1
501,23,0,2,73,3,6,0,7.6,9.0,2
841,18,0,0,73,3,5,0,7.9,7.3,2
954,19,0,1,73,6,5,1,5.7,5.4,0
989,21,0,2,5,7,11,1,5.0,4.8,0
775,23,0,0,73,6,0,1,6.0,5.7,0
299,20,1,1,39,8,6,0,5.8,5.9,0
122,18,0,1,73,6,11,1,5.5,4.5,0
763,19,0,0,73,8,1,1,4.5,5.8,0
259,24,1,0,73,5,4,0,7.0,6.2,1
857,22,1,2,73,5,11,1,7.2,6.0,1
115,22,0,2,103,7,11,1,4.6,5.4,0
734,23,1,2,102,4,5,0,7.2,6.2,1
293,20,0,2,73,3,4,0,7.5,8.3,2
938,22,1,1,39,6,5,1,4.5,5.8,0
211,18,0,1,39,6,0,0,4.8,4.2,0
410,24,1,2,73,3,5,0,7.1,8.3,2
541,24,0,1,73,7,1,1,4.8,4.8,0
670,23,0,1,73,7,1,1,4.7,5.6,0
510,24,0,0,39,4,5,0,6.6,6.8,1
978,20,1,0,73,4,0,1,7.4,6.1,1
133,23,1,2,73,8,4,1,4.9,5.9,0
812,24,1,0,73,7,11,0,5.9,5.9,0
605,22,0,1,103,1,4,0,7.9,8.3,2
640,24,0,1,73,4,6,0,6.8,6.5,1
836,18,1,1,5,4,0,1,6.5,6.5,1
423,24,0,1,73,3,6,0,8.8,8.8,2
945,18,0,1,73,1,11,0,7.9,8.0,2
536,23,0,1,103,7,11,0,4.9,5.8,0
733,18,1,0,103,4,0,1,7.2,6.5,1
484,22,1,1,5,8,0,1,5.2,5.5,0
711,23,1,2,73,3,11,0,7.8,7.2,2
190,21,0,2,18,3,1,0,7.0,7.3,2
762,20,1,1,73,4,6,1,7.1,7.3,2
683,24,1,0,73,3,6,1,6.0,6.1,1
478,23,1,0,39,3,7,1,6.6,6.7,1
942,18,1,2,73,5,7,0,6.9,6.0,1
860,23,0,2,5,4,1,0,6.4,6.5,1
95,22,0,2,102,4,5,0,6.1,6.2,1
450,21,0,2,39,2,11,0,7.2,7.0,2
208,23,1,1,39,4,4,1,6.2,6.4,1
255,22,0,1,73,7,0,0,5.8,5.5,0
944,24,1,0,103,5,0,1,7.3,6.1,1
643,22,0,1,5,8,0,1,5.1,4.9,0
550,23,1,2,73,6,5,1,5.7,5.7,0
367,20,1,1,18,4,4,0,6.6,6.7,1
463,20,1,1,73,3,11,0,8.3,8.2,2
666,21,1,2,102,7,4,1,6.0,4.5,0
659,19,0,0,73,6,4,1,5.8,4.1,0
676,19,1,0,73,7,11,1,5.4,5.9,0
770,18,1,2,73,6,11,1,5.9,4.1,0
669,24,1,1,73,7,4,1,5.0,4.5,0
403,23,0,0,73,2,1,0,7.8,8.8,2
311,21,1,1,103,3,5,0,7.1,7.5,2
494,19,0,0,73,5,7,1,5.4,5.2,0
172,22,1,0,73,1,0,0,8.4,8.5,2
158,23,0,2,73,1,4,0,8.2,7.2,2
685,23,1,1,73,4,0,1,6.3,6.1,1
748,20,1,2,102,4,4,1,6.2,6.2,1
440,19,0,1,73,2,11,1,7.1,8.8,2
497,22,0,0,33,7,0,1,5.4,5.7,0
433,22,1,2,73,7,4,1,4.7,4.1,0
105,19,0,2,33,2,1,0,8.3,7.2,2
694,21,0,0,73,3,4,0,7.4,7.3,2
266,20,0,2,73,5,5,1,7.2,6.1,1
240,20,1,2,73,5,0,1,5.8,4.7,0
151,22,1,1,73,2,1,0,7.5,8.8,2
280,18,0,0,73,5,7,1,6.8,6.9,1
964,21,1,1,73,1,5,0,8.5,7.7,2
719,20,1,0,5,2,7,0,7.0,7.8,2
445,19,1,0,73,3,0,0,7.4,8.8,2
29,24,1,1,73,5,4,1,6.5,6.8,1
205,23,1,0,39,3,1,1,6.5,6.9,1
976,23,0,2,39,1,5,0,7.2,7.7,2
531,18,0,0,102,3,0,0,7.9,8.5,2
439,23,1,0,73,3,0,0,6.5,6.4,1
673,21,0,2,73,4,11,0,6.2,6.6,1
902,21,0,1,73,5,5,1,6.3,6.5,1
591,21,0,0,73,6,11,1,5.5,4.9,0
888,21,1,1,73,7,0,1,5.3,5.5,0
621,24,1,2,39,3,0,0,6.3,6.8,1
471,19,1,0,73,7,4,1,5.7,5.7,0
709,22,0,2,73,2,4,0,7.5,8.3,2
356,22,1,0,73,7,0,1,5.8,5.3,0
142,24,0,1,18,5,0,1,5.5,4.1,0
468,22,0,2,18,7,5,1,5.1,4.6,0
943,24,0,0,73,3,4,0,8.4,7.6,2
680,21,0,1,73,7,6,1,5.2,4.1,0
623,22,0,2,73,3,6,0,7.4,6.8,1
757,21,1,2,73,6,7,1,5.8,4.4,0
667,20,0,0,102,2,6,0,7.5,7.9,2
882,24,0,1,73,3,1,1,8.8,9.0,2
641,21,0,2,5,7,0,1,5.9,4.1,0
67,22,0,2,73,3,1,0,7.7,8.3,2
36,19,1,1,73,6,11,1,5.6,4.2,0
81,18,1,2,73,2,6,0,8.0,7.2,2
51,22,0,2,73,2,6,1,8.0,8.5,2
887,19,1,1,39,3,7,1,6.0,7.0,1
916,22,1,1,73,7,1,0,6.0,5.3,0
886,19,1,2,102,7,1,1,5.2,4.7,0
416,20,0,2,33,3,4,0,8.9,7.5,2
351,23,1,0,5,5,7,1,4.8,5.0,0
396,21,0,2,73,6,1,1,5.7,4.6,0
839,22,1,1,73,2,7,0,8.2,7.2,2
481,20,1,2,73,2,11,0,7.2,7.4,2
988,23,1,0,103,5,1,1,5.9,4.3,0
756,24,1,0,5,4,5,0,8.6,8.6,2
349,19,1,2,73,6,4,0,4.7,4.3,0
963,18,1,0,73,4,5,0,6.1,6.6,1
429,20,0,0,102,3,11,0,8.6,8.4,2
855,19,0,2,73,6,4,0,6.0,5.8,0
538,24,1,0,73,7,6,1,5.0,4.8,0
413,20,1,0,103,3,1,0,6.6,6.8,1
713,19,0,2,73,7,11,1,5.9,5.0,0
96,21,0,1,73,6,7,0,5.4,5.4,0
561,21,0,2,18,7,7,1,5.6,4.5,0
1,22,1,1,103,4,7,0,7.6,8.6,2
647,22,0,2,103,4,4,0,6.8,6.5,1
769,24,0,0,103,3,4,0,7.2,6.7,1
527,21,1,1,102,4,6,1,6.2,6.3,1
195,23,1,1,39,7,5,0,5.0,5.8,0
139,23,0,1,39,6,6,0,5.3,4.9,0
38,20,0,0,73,3,11,0,7.4,7.1,2
696,19,0,0,73,6,7,1,6.0,4.6,0
235,21,1,1,73,7,0,1,5.1,4.3,0
464,23,1,1,73,4,1,1,6.6,6.3,1
303,19,1,0,73,3,11,0,7.1,8.3,2
604,21,0,1,73,6,0,0,5.1,4.6,0
727,18,0,1,73,6,1,1,5.4,5.4,0
503,23,1,0,73,8,7,1,4.6,5.6,0
409,23,0,2,102,7,5,1,5.6,5.9,0
848,23,0,1,103,7,5,1,5.8,5.1,0
600,24,0,0,73,3,0,0,8.4,8.9,2
861,24,1,2,18,5,5,1,4.6,5.1,0
243,21,1,0,73,2,1,0,7.1,7.7,2
705,19,1,1,5,5,0,1,7.4,6.2,1
940,18,0,0,73,6,11,1,5.5,4.2,0
127,19,1,2,73,3,4,0,9.0,8.3,2
333,24,0,1,73,1,11,0,8.5,8.8,2
55,18,0,0,73,7,5,1,4.8,4.4,0
339,22,1,2,73,4,5,0,6.4,6.4,1
307,24,0,2,73,6,0,0,5.0,4.5,0
609,23,1,2,39,1,6,1,8.7,7.5,2
996,18,1,0,73,7,7,1,5.1,4.8,0
820,22,1,1,73,2,11,0,7.7,8.4,2
533,21,0,1,73,1,7,0,7.3,8.0,2
911,20,1,0,73,5,1,0,7.0,6.8,1
972,23,1,2,73,6,1,1,5.4,5.1,0
905,19,0,2,73,8,11,0,5.9,4.7,0
870,21,1,1,73,3,4,0,7.0,8.5,2
381,18,0,0,73,8,5,1,5.5,5.6,0
359,19,0,2,73,5,7,0,5.1,5.3,0
284,21,1,0,73,8,11,1,5.0,4.6,0
547,22,1,2,5,2,11,0,8.6,8.6,2
502,22,0,2,73,7,7,1,5.9,5.3,0
173,18,1,0,73,5,1,1,5.6,4.5,0
884,24,1,2,73,7,1,1,5.8,5.1,0
163,18,0,0,33,1,11,0,7.7,7.8,2
759,20,1,0,73,6,11,1,5.3,5.0,0
923,18,1,1,39,5,5,0,6.3,6.6,1
241,18,1,2,73,7,5,0,4.6,5.2,0
880,22,0,0,73,6,11,1,5.6,4.6,0
1,19,0,2,10,5,1,1,6.5,6.0,0
2,22,1,0,39,2,7,0,7.5,8.0,1
3,20,0,2,103,6,6,1,5.0,5.0,0
4,18,1,1,102,3,11,0,7.0,7.0,2
5,21,1,0,18,4,0,1,6.0,6.0,0
6,19,0,2,5,7,1,1,4.5,4.0,0
7,23,1,0,33,1,4,0,8.0,9.0,1
8,20,0,2,16,5,5,1,6.0,6.0,0
9,18,1,1,46,4,6,0,6.5,7.0,2
10,21,0,0,90,3,1,0,7.0,7.0,2
11,19,1,2,31,4,5,1,6.2,5.0,0
12,20,0,2,91,5,6,1,5.8,6.0,0
13,22,1,0,44,2,4,0,7.2,8.0,2
14,18,0,1,61,6,1,1,5.5,5.0,0
15,21,1,2,83,3,11,0,6.8,7.0,2
16,20,0,2,20,4,6,1,6.0,6.0,0
17,24,1,0,93,2,4,0,7.8,8.0,1
18,19,0,1,71,5,1,1,5.7,5.0,0
19,21,1,2,26,3,0,0,6.7,7.0,2
20,20,0,2,67,4,5,1,5.9,6.0,0
21,18,1,1,12,5,6,1,5.5,5.0,0
22,23,0,0,94,2,4,0,7.3,8.0,2
23,19,1,2,6,4,1,1,5.8,6.0,0
24,20,0,2,80,5,6,1,5.4,5.0,0
25,22,1,0,35,3,0,0,6.9,7.0,2
26,19,0,1,42,6,1,1,5.2,5.0,0
27,21,1,2,68,3,11,0,6.6,7.0,2
28,20,0,2,86,4,6,1,5.9,6.0,0
29,24,1,0,58,2,4,0,7.4,8.0,1
30,19,0,1,98,5,1,1,5.3,5.0,0
31,21,1,2,109,3,0,0,6.7,7.0,2
32,20,0,2,78,4,5,1,5.7,6.0,0
33,18,1,1,40,5,6,1,5.4,5.0,0
34,23,0,0,96,2,4,0,7.2,8.0,2
35,19,1,2,36,4,1,1,5.8,6.0,0
36,20,0,2,100,5,6,1,5.5,5.0,0
37,22,1,0,43,3,0,0,6.8,7.0,2
38,19,0,1,101,6,1,1,5.1,5.0,0
39,21,1,2,28,3,11,0,6.5,7.0,0
40,20,0,2,65,4,6,1,5.8,6.0,0
41,24,1,0,89,2,4,0,7.3,8.0,2
42,19,0,1,69,5,1,1,5.4,5.0,0
43,21,1,2,49,3,0,0,6.6,7.0,2
44,20,0,2,34,4,5,1,5.7,6.0,0
45,18,1,1,3,5,6,1,5.3,5.0,0
46,23,0,0,19,2,4,0,7.1,8.0,2
47,19,1,2,21,4,1,1,5.9,6.0,0
48,20,0,2,77,5,6,1,5.6,5.0,0
49,22,1,0,108,3,0,0,6.7,7.0,2
50,19,0,1,27,6,1,1,5.2,5.0,0
51,21,1,2,105,3,11,0,6.4,7.0,0
52,20,0,2,76,4,6,1,5.8,6.0,0
53,24,1,0,14,2,4,0,7.2,8.0,2
54,19,0,1,22,5,1,1,5.5,5.0,0
55,21,1,2,75,3,0,0,6.5,7.0,2
56,20,0,2,45,4,5,1,5.6,6.0,0
57,18,1,1,99,5,6,1,5.2,5.0,0
58,23,0,0,8,2,4,0,7.0,8.0,2
59,19,1,2,38,4,1,1,5.9,6.0,0
60,20,0,2,30,5,6,1,5.7,5.0,0
61,22,1,0,79,3,0,0,7.1,7.0,2
62,19,0,2,82,5,1,1,5.6,5.0,0
63,20,1,2,37,4,6,1,6.0,6.0,0
64,18,0,1,25,6,5,1,5.2,4.0,0
65,23,1,0,87,2,4,0,7.4,8.0,1
66,21,0,2,23,4,1,1,5.8,6.0,0
67,20,1,2,85,3,11,0,6.5,7.0,0
68,19,0,1,88,5,6,1,5.4,5.0,0
69,22,1,0,17,2,4,0,7.2,8.0,2
70,20,0,2,29,4,1,1,5.9,6.0,0
71,18,1,1,53,5,5,1,5.5,5.0,0
72,21,0,0,56,3,0,0,6.8,7.0,2
73,19,1,2,104,4,6,1,5.7,6.0,0
74,20,0,2,62,5,1,1,5.3,5.0,0
75,23,1,0,11,2,4,0,7.3,8.0,2
76,21,0,2,48,4,5,1,5.8,6.0,0
77,19,1,1,106,5,6,1,5.4,5.0,0
78,22,0,0,52,2,0,0,7.0,7.0,2
79,20,1,2,97,4,11,1,5.9,6.0,0
80,18,0,1,4,5,1,1,5.2,5.0,0
81,21,1,0,32,3,4,0,7.1,8.0,2
82,19,0,2,7,4,6,1,5.7,6.0,0
83,20,1,2,24,3,0,0,6.6,7.0,0
84,22,0,0,60,2,4,0,7.2,8.0,2
85,18,1,1,57,5,5,1,5.3,5.0,0
86,21,0,2,63,4,1,1,5.8,6.0,0
87,19,1,1,2,5,6,1,5.5,5.0,0
88,23,0,0,84,2,4,0,7.3,8.0,2
89,20,1,2,107,4,11,1,6.0,6.0,0
90,18,0,1,55,5,1,1,5.2,5.0,0
91,22,1,0,64,2,0,0,7.0,7.0,2
92,19,0,2,1,4,6,1,5.8,6.0,0
93,21,1,2,70,3,5,0,6.5,7.0,0
94,20,0,1,50,5,1,1,5.4,5.0,0
95,23,1,0,15,2,4,0,7.4,8.0,2
96,19,0,2,81,4,6,1,5.7,6.0,0
97,18,1,1,51,5,5,1,5.3,5.0,0
98,22,0,0,9,2,4,0,7.1,8.0,2
99,20,1,2,72,4,1,1,5.9,6.0,0
100,21,0,2,47,5,6,1,5.5,5.0,0
101,19,1,1,54,5,11,1,5.2,5.0,0
102,23,0,0,41,2,4,0,7.3,8.0,2
103,20,1,2,110,4,0,1,5.8,6.0,0
104,18,0,1,95,5,1,1,5.4,5.0,0
105,22,1,0,0,2,4,0,7.0,7.0,2
106,19,0,2,74,4,6,1,5.7,6.0,0
107,21,1,2,66,3,11,0,6.6,7.0,0
108,20,0,1,13,5,5,1,5.5,5.0,0
109,23,1,0,92,2,4,0,7.2,8.0,2
110,19,0,2,59,4,1,1,5.8,6.0,0
111,20,1,2,10,6,1,1,6.2,5.0,0
112,21,0,2,39,5,6,1,5.9,6.0,0
113,19,1,2,66,4,0,0,7.1,7.0,2
114,22,0,0,74,5,1,1,6.0,5.0,0
115,20,1,2,92,5,6,1,6.3,6.0,0
116,19,0,2,59,4,1,0,7.2,8.0,2
117,21,1,0,10,6,0,1,5.8,5.0,0
118,20,0,2,39,5,1,1,6.1,6.0,0
119,22,1,0,66,4,6,0,7.3,7.0,2
120,19,0,2,74,5,1,1,6.2,5.0,0
121,20,1,2,92,5,0,1,5.9,6.0,0
122,21,0,0,59,4,1,0,7.4,8.0,2
123,19,1,2,10,5,6,1,6.3,5.0,0
124,22,0,0,39,5,1,1,5.8,6.0,0
125,20,1,2,66,4,0,0,7.5,7.0,2
126,21,0,0,74,5,1,1,6.4,5.0,0
127,19,1,2,92,5,6,1,5.7,6.0,0
128,20,0,2,59,4,1,0,7.6,8.0,2
129,22,1,0,10,5,0,1,6.5,5.0,0
130,21,0,0,39,5,1,1,5.6,6.0,0
131,19,1,2,66,4,6,0,7.7,7.0,2
132,20,0,2,74,5,1,1,6.6,5.0,0
133,22,1,0,92,5,0,1,5.5,6.0,0
134,21,0,0,59,4,1,0,7.8,8.0,2
135,19,1,2,10,4,6,1,6.7,5.0,0
136,20,0,2,39,5,1,1,5.4,6.0,0
137,22,1,0,66,4,0,0,7.9,7.0,2
138,21,0,0,74,4,1,1,6.8,5.0,0
139,19,1,2,92,5,6,1,5.3,6.0,0
140,20,0,2,59,4,1,0,8.0,8.0,2
141,22,1,0,10,4,0,1,6.9,5.0,0
142,21,0,0,39,5,1,1,5.2,6.0,0
143,19,1,2,66,3,6,0,8.1,7.0,2
144,20,0,2,74,4,1,1,7.0,5.0,0
145,22,1,0,92,5,0,1,5.1,6.0,0
146,21,0,0,59,3,1,0,8.2,8.0,2
147,19,1,2,10,4,6,1,7.1,5.0,0
148,20,0,2,39,5,1,1,5.0,6.0,0
149,22,1,0,66,3,0,0,8.3,7.0,2
150,21,0,0,74,4,1,1,7.2,5.0,0
151,19,1,2,92,4,6,1,4.9,6.0,0
152,20,0,2,59,3,1,0,8.4,8.0,2
153,22,1,0,10,4,0,1,7.3,5.0,0
154,21,0,0,39,4,1,1,4.8,6.0,0
155,19,1,2,66,3,6,0,8.5,7.0,2
156,20,0,2,74,4,1,1,7.4,5.0,0
157,22,1,0,92,4,0,1,4.7,6.0,0
158,21,0,0,59,3,1,0,8.6,8.0,2
159,19,1,2,10,4,6,1,7.5,5.0,0
160,20,0,2,39,4,1,1,4.6,6.0,0
161,19,0,2,10,5,1,1,6.1,5.0,0
162,21,1,0,39,4,0,0,7.2,7.0,0
163,20,0,2,66,5,6,1,5.9,6.0,0
164,22,1,0,74,4,1,1,6.3,5.0,0
165,19,0,2,92,5,0,0,7.0,7.0,2
166,21,1,0,59,5,6,1,6.0,6.0,0
167,20,0,2,10,4,1,1,6.4,5.0,0
168,22,1,0,39,5,0,0,7.1,7.0,0
169,19,0,2,66,5,6,1,5.8,6.0,0
170,21,1,0,74,4,1,1,6.5,5.0,0
171,20,0,2,92,5,0,0,7.3,7.0,2
172,22,1,0,59,5,6,1,5.7,6.0,0
173,19,0,2,10,4,1,1,6.6,5.0,0
174,21,1,0,39,5,0,0,7.4,7.0,0
175,20,0,2,66,5,6,1,5.6,6.0,0
176,22,1,0,74,4,1,1,6.7,5.0,0
177,19,0,2,92,4,0,0,7.5,7.0,2
178,21,1,0,59,5,6,1,5.5,6.0,0
179,20,0,2,10,4,1,1,6.8,5.0,0
180,22,1,0,39,5,0,0,7.6,7.0,0
181,19,0,2,66,5,6,1,5.4,6.0,0
182,21,1,0,74,4,1,1,6.9,5.0,0
183,20,0,2,92,4,0,0,7.7,7.0,2
184,22,1,0,59,5,6,1,5.3,6.0,0
185,19,0,2,10,4,1,1,7.0,5.0,0
186,21,1,0,39,4,0,0,7.8,7.0,0
187,20,0,2,66,5,6,1,5.2,6.0,0
188,22,1,0,74,4,1,1,7.1,5.0,0
189,19,0,2,92,4,0,0,7.9,7.0,2
190,21,1,0,59,5,6,1,5.1,6.0,0
191,20,0,2,10,4,1,1,7.2,5.0,0
192,22,1,0,39,4,0,0,8.0,7.0,0
193,19,0,2,66,6,6,1,5.0,6.0,0
194,21,1,0,74,4,1,1,7.3,5.0,0
195,20,0,2,92,4,0,0,8.1,7.0,2
196,22,1,0,59,4,6,1,4.9,6.0,0
197,19,0,2,10,4,1,1,7.4,5.0,0
198,21,1,0,39,4,0,0,8.2,7.0,0
199,20,0,2,66,6,6,1,4.8,6.0,0
200,22,1,0,74,4,1,1,7.5,5.0,0
201,19,0,2,92,4,0,0,8.3,7.0,2
202,21,1,0,59,4,6,1,4.7,6.0,0
203,20,0,2,10,4,1,1,7.6,5.0,0
204,22,1,0,39,4,0,0,8.4,7.0,0
205,19,0,2,66,6,6,1,4.6,6.0,0
206,21,1,0,74,4,1,1,7.7,5.0,0
207,20,0,2,92,4,0,0,8.5,7.0,2
208,22,1,0,59,4,6,1,4.5,6.0,0
209,19,0,2,10,4,1,1,7.8,5.0,0
210,21,1,0,39,4,0,0,8.6,7.0,0
211,20,0,2,66,6,6,1,4.4,6.0,0
212,22,1,0,74,3,1,1,7.9,5.0,0
213,19,0,2,92,4,0,0,8.7,7.0,2
214,21,1,0,59,4,6,1,4.3,6.0,0
215,20,0,2,10,4,1,1,8.0,5.0,0
216,22,1,0,39,4,0,0,8.8,7.0,0
217,19,0,2,66,6,6,1,4.2,6.0,0
218,21,1,0,74,3,1,1,8.1,5.0,0
219,20,0,2,92,4,0,0,8.9,7.0,2
220,22,1,0,59,4,6,1,4.1,6.0,0
221,19,0,2,103,6,1,1,6.0,5.0,0
222,21,1,0,102,5,6,1,6.5,6.0,0
223,20,0,2,5,4,1,0,7.5,8.0,2
224,22,1,0,33,4,0,0,7.8,7.0,2
225,19,0,2,46,3,3,0,7.9,8.0,1
226,21,1,0,44,5,1,1,6.8,6.0,0
227,20,0,2,90,5,2,1,6.5,6.0,0
228,22,1,0,83,4,8,0,7.2,7.0,2
229,19,0,2,103,7,6,1,5.8,4.0,0
230,21,1,0,102,5,1,1,6.7,6.0,0
231,20,0,2,5,4,0,0,7.4,7.0,2
232,22,1,0,33,4,1,0,7.9,8.0,2
233,19,0,2,46,3,3,0,8.0,8.0,1
234,21,1,0,44,5,6,1,6.5,5.0,0
235,20,0,2,90,5,2,1,6.8,6.0,0
236,22,1,0,83,4,8,0,7.4,7.0,2
237,19,0,2,103,6,1,1,5.9,4.0,0
238,21,1,0,102,5,0,1,6.6,6.0,0
239,20,0,2,5,4,1,0,7.3,7.0,2
240,22,1,0,33,4,0,0,7.7,8.0,2
241,19,0,2,46,3,3,0,7.8,8.0,1
242,21,1,0,44,5,1,1,6.7,5.0,0
243,20,0,2,90,5,2,1,6.6,6.0,0
244,22,1,0,83,4,8,0,7.3,7.0,2
245,19,0,2,103,6,6,1,5.7,4.0,0
246,21,1,0,102,5,1,1,6.4,6.0,0
247,20,0,2,5,4,0,0,7.2,7.0,2
248,22,1,0,33,3,1,0,7.8,8.0,2
249,19,0,2,46,3,3,0,8.1,8.0,1
250,21,1,0,44,5,6,1,6.6,5.0,0
251,20,0,2,90,4,2,1,6.9,6.0,0
252,22,1,0,83,4,8,0,7.5,7.0,2
253,19,0,2,103,6,1,1,5.8,4.0,0
254,21,1,0,102,5,0,1,6.5,6.0,0
255,20,0,2,5,4,1,0,7.4,7.0,2
256,22,1,0,33,4,0,0,7.6,8.0,2
257,19,0,2,46,3,3,0,8.2,8.0,1
258,21,1,0,44,5,1,1,6.8,5.0,0
259,20,0,2,90,5,2,1,6.7,6.0,0
260,22,1,0,83,4,8,0,7.6,7.0,2
261,19,0,2,103,6,6,1,5.6,4.0,0
262,21,1,0,102,5,1,1,6.3,6.0,0
263,20,0,2,5,4,0,0,7.5,7.0,2
264,22,1,0,33,3,1,0,7.7,8.0,2
265,19,0,2,46,3,3,0,8.3,8.0,1
266,21,1,0,44,5,6,1,6.9,5.0,0
267,20,0,2,90,4,2,1,7.0,6.0,0
268,22,1,0,83,4,8,0,7.7,7.0,2
269,19,0,2,103,6,1,1,5.7,4.0,0
270,21,1,0,102,5,0,1,6.4,6.0,0
271,20,0,2,5,4,1,0,7.3,7.0,2
272,22,1,0,33,3,0,0,7.8,8.0,2
273,19,0,2,46,3,3,0,8.4,8.0,1
274,21,1,0,44,5,1,1,6.7,5.0,0
275,20,0,2,90,4,2,1,7.1,6.0,0
276,22,1,0,83,4,8,0,7.8,7.0,2
277,19,0,2,103,6,6,1,5.5,4.0,0
278,21,1,0,102,5,1,1,6.5,6.0,0
279,20,0,2,5,4,0,0,7.4,7.0,2
280,22,1,0,33,3,1,0,7.9,8.0,2
281,19,0,2,46,3,3,0,8.5,8.0,1
282,21,1,0,44,5,6,1,6.8,5.0,0
283,20,0,2,90,4,2,1,7.2,6.0,0
284,22,1,0,83,4,8,0,7.9,7.0,2
285,19,0,2,103,6,1,1,5.4,4.0,0
286,21,1,0,102,5,0,1,6.6,6.0,0
287,20,0,2,5,4,1,0,7.5,7.0,2
288,22,1,0,33,3,0,0,8.0,8.0,2
289,19,0,2,46,3,3,0,8.6,8.0,1
290,21,1,0,44,5,1,1,6.9,5.0,0
291,20,0,2,90,4,2,1,7.3,6.0,0
292,22,1,0,83,4,8,0,8.0,7.0,2
293,19,0,2,103,6,6,1,5.3,4.0,0
294,21,1,0,102,4,1,1,6.7,6.0,0
295,20,0,2,5,4,0,0,7.6,7.0,2
296,22,1,0,33,3,1,0,8.1,8.0,2
297,19,0,2,46,2,3,0,8.7,8.0,1
298,21,1,0,44,5,6,1,7.0,5.0,0
299,20,0,2,90,4,2,1,7.4,6.0,0
300,22,1,0,83,3,8,0,8.1,7.0,2
301,19,0,2,103,6,1,1,5.2,4.0,0
302,21,1,0,102,4,0,1,6.8,6.0,0
303,20,0,2,5,4,1,0,7.7,7.0,2
304,22,1,0,33,3,0,0,8.2,8.0,2
305,19,0,2,46,2,3,0,8.8,8.0,1
306,21,1,0,44,5,1,1,7.1,5.0,0
307,20,0,2,90,4,2,1,7.5,6.0,0
308,22,1,0,83,3,8,0,8.2,7.0,2
309,19,0,2,103,7,6,1,5.1,4.0,0
310,21,1,0,102,4,1,1,6.9,6.0,0
311,20,0,2,5,4,0,0,7.8,7.0,2
312,22,1,0,33,3,1,0,8.3,8.0,2
313,19,0,2,46,2,3,0,8.9,8.0,1
314,21,1,0,44,4,6,1,7.2,5.0,0
315,20,0,2,90,4,2,1,7.6,6.0,0
316,22,1,0,83,3,8,0,8.3,7.0,2
317,19,0,2,103,7,1,1,5.0,4.0,0
318,21,1,0,102,4,0,1,7.0,6.0,0
319,20,0,2,5,3,1,0,7.9,7.0,2
320,22,1,0,33,3,0,0,8.4,8.0,2
321,19,0,2,91,5,1,1,6.8,6.0,0
322,21,1,0,26,4,0,0,7.8,8.0,2
323,20,0,2,42,5,1,1,7.0,7.0,0
324,22,1,0,39,5,10,1,6.5,5.0,0
325,19,0,2,94,4,1,0,7.9,8.0,2
326,21,1,0,100,5,1,1,6.7,6.0,0
327,20,0,2,103,6,6,1,5.5,5.0,0
328,22,1,0,61,5,10,1,6.6,6.0,0
329,19,0,2,31,4,1,0,7.5,7.0,2
330,21,1,0,18,5,1,1,6.9,6.0,0
331,20,0,2,91,5,6,1,6.7,6.0,0
332,22,1,0,26,3,0,0,7.9,8.0,2
333,19,0,2,42,4,1,1,7.1,7.0,0
334,21,1,0,39,5,10,1,6.4,5.0,0
335,20,0,2,94,3,1,0,8.0,8.0,2
336,22,1,0,100,5,6,1,6.8,6.0,0
337,19,0,2,103,6,1,1,5.4,5.0,0
338,21,1,0,61,5,10,1,6.5,6.0,0
339,20,0,2,31,4,1,0,7.6,7.0,2
340,22,1,0,18,5,6,1,7.0,6.0,0
341,19,0,2,91,5,1,1,6.9,6.0,0
342,21,1,0,26,3,0,0,8.0,8.0,2
343,20,0,2,42,4,6,1,7.2,7.0,0
344,22,1,0,39,6,10,1,6.3,5.0,0
345,19,0,2,94,3,1,0,8.1,8.0,2
346,21,1,0,100,5,1,1,6.9,6.0,0
347,20,0,2,103,7,6,1,5.3,5.0,0
348,22,1,0,61,5,10,1,6.4,6.0,0
349,19,0,2,31,4,1,0,7.7,7.0,2
350,21,1,0,18,5,1,1,7.1,6.0,0
351,20,0,2,91,4,6,1,7.0,6.0,0
352,22,1,0,26,3,0,0,8.1,8.0,2
353,19,0,2,42,4,1,1,7.3,7.0,0
354,21,1,0,39,6,10,1,6.2,5.0,0
355,20,0,2,94,3,1,0,8.2,8.0,2
356,22,1,0,100,5,6,1,7.0,6.0,0
357,19,0,2,103,7,1,1,5.2,5.0,0
358,21,1,0,61,5,10,1,6.3,6.0,0
359,20,0,2,31,4,1,0,7.8,7.0,2
360,22,1,0,18,5,6,1,7.2,6.0,0
361,19,0,2,91,4,1,1,7.1,6.0,0
362,21,1,0,26,3,0,0,8.2,8.0,2
363,20,0,2,42,4,6,1,7.4,7.0,0
364,22,1,0,39,6,10,1,6.1,5.0,0
365,19,0,2,94,3,1,0,8.3,8.0,2
366,21,1,0,100,5,1,1,7.1,6.0,0
367,20,0,2,103,7,6,1,5.1,5.0,0
368,22,1,0,61,6,10,1,6.2,6.0,0
369,19,0,2,31,4,1,0,7.9,7.0,2
370,21,1,0,18,4,1,1,7.3,6.0,0
371,20,0,2,91,4,6,1,7.2,6.0,0
372,22,1,0,26,3,0,0,8.3,8.0,2
373,19,0,2,42,4,1,1,7.5,7.0,0
374,21,1,0,39,6,10,1,6.0,5.0,0
375,20,0,2,94,3,1,0,8.4,8.0,2
376,22,1,0,100,5,6,1,7.2,6.0,0
377,19,0,2,103,7,1,1,5.0,5.0,0
378,21,1,0,61,6,10,1,6.1,6.0,0
379,20,0,2,31,4,1,0,8.0,7.0,2
380,22,1,0,18,4,6,1,7.4,6.0,0
381,19,0,2,91,4,1,1,7.3,6.0,0
382,21,1,0,26,3,0,0,8.4,8.0,2
383,20,0,2,42,4,6,1,7.6,7.0,0
384,22,1,0,39,6,10,1,5.9,5.0,0
385,19,0,2,94,3,1,0,8.5,8.0,2
386,21,1,0,100,4,1,1,7.3,6.0,0
387,20,0,2,103,7,6,1,4.9,5.0,0
388,22,1,0,61,6,10,1,6.0,6.0,0
389,19,0,2,31,3,1,0,8.1,7.0,2
390,21,1,0,18,4,1,1,7.5,6.0,0
391,20,0,2,91,4,6,1,7.4,6.0,0
392,22,1,0,26,3,0,0,8.5,8.0,2
393,19,0,2,42,4,1,1,7.7,7.0,0
394,21,1,0,39,6,10,1,5.8,5.0,0
395,20,0,2,94,3,1,0,8.6,8.0,2
396,22,1,0,100,4,6,1,7.4,6.0,0
397,19,0,2,103,7,1,1,4.8,5.0,0
398,21,1,0,61,6,10,1,5.9,6.0,0
399,20,0,2,31,3,1,0,8.2,7.0,2
400,22,1,0,18,4,6,1,7.6,6.0,0
401,19,0,2,91,4,1,1,7.5,6.0,0
402,21,1,0,26,3,0,0,8.6,8.0,2
403,20,0,2,42,4,6,1,7.8,7.0,0
404,22,1,0,39,6,10,1,5.7,5.0,0
405,19,0,2,94,3,1,0,8.7,8.0,2
406,21,1,0,100,4,1,1,7.5,6.0,0
407,20,0,2,103,7,6,1,4.7,5.0,0
408,22,1,0,61,6,10,1,5.8,6.0,0
409,19,0,2,31,3,1,0,8.3,7.0,2
410,21,1,0,18,4,1,1,7.7,6.0,0
411,20,0,2,91,4,6,1,7.6,6.0,0
412,22,1,0,26,3,0,0,8.7,8.0,2
413,19,0,2,42,4,1,1,7.9,7.0,0
414,21,1,0,39,6,10,1,5.6,5.0,0
415,20,0,2,94,3,1,0,8.8,8.0,2
416,22,1,0,100,4,6,1,7.6,6.0,0
417,19,0,2,103,7,1,1,4.6,5.0,0
418,21,1,0,61,6,10,1,5.7,6.0,0
419,20,0,2,31,3,1,0,8.4,7.0,2
420,22,1,0,18,4,6,1,7.8,6.0,0
421,19,0,2,91,4,1,1,7.7,6.0,0
422,21,1,0,26,3,0,0,8.8,8.0,2
423,20,0,2,42,3,6,1,8.0,7.0,0
424,22,1,0,39,6,10,1,5.5,5.0,0
425,19,0,2,94,2,1,0,8.9,8.0,2
426,21,1,0,100,4,1,1,7.7,6.0,0
427,20,0,2,103,7,6,1,4.5,5.0,0
428,22,1,0,61,6,10,1,5.6,6.0,0
429,19,0,2,31,3,1,0,8.5,7.0,2
430,21,1,0,18,4,1,1,7.9,6.0,0
431,20,0,2,91,4,6,1,7.8,6.0,0
432,22,1,0,26,2,0,0,8.9,8.0,2
433,19,0,2,42,3,1,1,8.1,7.0,0
434,21,1,0,39,6,10,1,5.4,5.0,0
435,20,0,2,94,2,1,0,9.0,8.0,2
436,22,1,0,100,4,6,1,7.8,6.0,0
437,19,0,2,103,7,1,1,4.4,5.0,0
438,21,1,0,61,6,10,1,5.5,6.0,0
439,20,0,2,31,3,1,0,8.6,7.0,2
440,22,1,0,18,4,6,1,8.0,6.0,0
441,19,0,2,91,4,1,1,7.9,6.0,0
442,21,1,0,26,2,0,0,9.0,8.0,2
443,20,0,2,42,3,6,1,8.2,7.0,0
444,22,1,0,39,7,10,1,5.3,5.0,0
445,19,0,2,94,2,1,0,9.1,8.0,2
446,21,1,0,100,4,1,1,7.9,6.0,0
447,20,0,2,103,8,6,1,4.3,5.0,0
448,22,1,0,61,6,10,1,5.4,6.0,0
449,19,0,2,31,3,1,0,8.7,7.0,2
450,21,1,0,18,4,1,1,8.1,6.0,0
451,20,0,2,91,3,6,1,8.0,6.0,0
452,22,1,0,26,2,0,0,9.1,8.0,2
453,19,0,2,42,3,1,1,8.3,7.0,0
454,21,1,0,39,7,10,1,5.2,5.0,0
455,20,0,2,94,2,1,0,9.2,8.0,2
456,22,1,0,100,4,6,1,8.0,6.0,0
457,19,0,2,103,8,1,1,4.2,5.0,0
458,21,1,0,61,6,10,1,5.3,6.0,0
459,20,0,2,31,3,1,0,8.8,7.0,2
460,22,1,0,18,4,6,1,8.2,6.0,0
461,19,0,2,91,3,1,1,8.1,6.0,0
462,21,1,0,26,2,0,0,9.2,8.0,2
463,20,0,2,42,3,6,1,8.4,7.0,0
464,22,1,0,39,7,10,1,5.1,5.0,0
465,19,0,2,94,2,1,0,9.3,8.0,2
466,21,1,0,100,4,1,1,8.1,6.0,0
467,20,0,2,103,8,6,1,4.1,5.0,0
468,22,1,0,61,7,10,1,5.2,6.0,0
469,19,0,2,31,3,1,0,8.9,7.0,2
470,21,1,0,18,3,1,1,8.3,6.0,0
471,20,0,2,91,3,6,1,8.2,6.0,0
472,22,1,0,26,2,0,0,9.3,8.0,2
473,19,0,2,42,3,1,1,8.5,7.0,0
474,21,1,0,39,7,10,1,5.0,5.0,0
475,20,0,2,94,2,1,0,9.4,8.0,2
476,22,1,0,100,4,6,1,8.2,6.0,0
477,19,0,2,103,8,1,1,4.0,5.0,0
478,21,1,0,61,7,10,1,5.1,6.0,0
479,20,0,2,31,3,1,0,9.0,7.0,2
480,22,1,0,18,3,6,1,8.4,6.0,0
481,19,0,2,91,3,1,1,8.3,6.0,0
482,21,1,0,26,2,0,0,9.4,8.0,2
483,20,0,2,42,3,6,1,8.6,7.0,0
484,22,1,0,39,7,10,1,4.9,5.0,0
485,19,0,2,94,2,1,0,9.5,8.0,2
486,21,1,0,100,3,1,1,8.3,6.0,0
487,20,0,2,103,8,6,1,3.9,5.0,0
488,22,1,0,61,7,10,1,5.0,6.0,0
489,19,0,2,31,2,1,0,9.1,7.0,2
490,21,1,0,18,3,1,1,8.5,6.0,0
491,20,0,2,91,3,6,1,8.4,6.0,0
492,22,1,0,26,2,0,0,9.5,8.0,2
493,19,0,2,42,3,1,1,8.7,7.0,0
494,21,1,0,39,7,10,1,4.8,5.0,0
495,20,0,2,94,2,1,0,9.6,8.0,2
496,22,1,0,100,3,6,1,8.4,6.0,0
497,19,0,2,103,8,1,1,3.8,5.0,0
498,21,1,0,61,7,10,1,4.9,6.0,0
499,20,0,2,31,2,1,0,9.2,7.0,2
500,22,1,0,18,3,6,1,8.6,6.0,0
501,19,0,2,16,6,10,1,6.3,6.0,0
502,21,1,0,20,4,9,0,7.8,7.0,2
503,20,0,2,67,3,1,0,8.2,8.0,2
504,22,1,0,68,4,1,1,7.5,7.0,0
505,19,0,2,86,5,6,1,7.0,6.0,0
506,21,1,0,58,5,10,1,6.8,6.0,0
507,20,0,2,101,6,1,1,6.5,5.0,0
508,22,1,0,79,4,0,0,7.9,7.0,2
509,19,0,2,39,6,10,1,6.0,5.0,0
510,21,1,0,18,4,1,1,7.4,7.0,0
511,20,0,2,16,6,1,1,6.4,6.0,0
512,22,1,0,20,4,9,0,7.9,7.0,2
513,19,0,2,67,3,6,0,8.3,8.0,2
514,21,1,0,68,4,1,1,7.6,7.0,0
515,20,0,2,86,5,6,1,6.9,6.0,0
516,22,1,0,58,5,10,1,6.7,6.0,0
517,19,0,2,101,6,1,1,6.4,5.0,0
518,21,1,0,79,4,0,0,8.0,7.0,2
519,20,0,2,39,6,10,1,5.9,5.0,0
520,22,1,0,18,4,6,1,7.5,7.0,0
521,19,0,2,16,6,10,1,6.5,6.0,0
522,21,1,0,20,4,9,0,8.0,7.0,2
523,20,0,2,67,3,1,0,8.4,8.0,2
524,22,1,0,68,4,0,1,7.7,7.0,0
525,19,0,2,86,5,6,1,6.8,6.0,0
526,21,1,0,58,5,10,1,6.6,6.0,0
527,20,0,2,101,6,1,1,6.3,5.0,0
528,22,1,0,79,4,0,0,8.1,7.0,2
529,19,0,2,39,7,10,1,5.8,5.0,0
530,21,1,0,18,4,1,1,7.6,7.0,0
531,20,0,2,16,5,6,1,6.6,6.0,0
532,22,1,0,20,4,9,0,8.1,7.0,2
533,19,0,2,67,3,1,0,8.5,8.0,2
534,21,1,0,68,4,0,1,7.8,7.0,0
535,20,0,2,86,5,6,1,6.7,6.0,0
536,22,1,0,58,5,10,1,6.5,6.0,0
537,19,0,2,101,6,1,1,6.2,5.0,0
538,21,1,0,79,3,0,0,8.2,7.0,2
539,20,0,2,39,7,10,1,5.7,5.0,0
540,22,1,0,18,4,6,1,7.7,7.0,0
541,19,0,2,16,5,10,1,6.7,6.0,0
542,21,1,0,20,4,9,0,8.2,7.0,2
543,20,0,2,67,3,1,0,8.6,8.0,2
544,22,1,0,68,4,1,1,7.9,7.0,0
545,19,0,2,86,5,6,1,6.6,6.0,0
546,21,1,0,58,5,10,1,6.4,6.0,0
547,20,0,2,101,6,1,1,6.1,5.0,0
548,22,1,0,79,3,0,0,8.3,7.0,2
549,19,0,2,39,7,10,1,5.6,5.0,0
550,21,1,0,18,4,1,1,7.8,7.0,0
551,20,0,2,16,5,6,1,6.8,6.0,0
552,22,1,0,20,4,9,0,8.3,7.0,2
553,19,0,2,67,3,1,0,8.7,8.0,2
554,21,1,0,68,4,0,1,8.0,7.0,0
555,20,0,2,86,5,6,1,6.5,6.0,0
556,22,1,0,58,6,10,1,6.3,6.0,0
557,19,0,2,101,7,1,1,6.0,5.0,0
558,21,1,0,79,3,0,0,8.4,7.0,2
559,20,0,2,39,7,10,1,5.5,5.0,0
560,22,1,0,18,4,6,1,7.9,7.0,0
561,19,0,2,16,5,10,1,6.9,6.0,0
562,21,1,0,20,3,9,0,8.4,7.0,2
563,20,0,2,67,3,1,0,8.8,8.0,2
564,22,1,0,68,4,1,1,8.1,7.0,0
565,19,0,2,86,5,6,1,6.4,6.0,0
566,21,1,0,58,6,10,1,6.2,6.0,0
567,20,0,2,101,7,1,1,5.9,5.0,0
568,22,1,0,79,3,0,0,8.5,7.0,2
569,19,0,2,39,7,10,1,5.4,5.0,0
570,21,1,0,18,4,1,1,8.0,7.0,0
571,20,0,2,91,6,1,1,7.2,5.0,0
572,23,1,0,26,3,7,0,7.8,8.0,2
573,19,0,2,42,5,6,1,6.8,6.0,0
574,22,1,0,39,7,0,1,5.9,4.0,0
575,21,0,2,94,4,1,0,7.5,7.0,2
576,24,1,0,100,6,6,1,6.2,5.0,0
577,20,0,2,103,5,1,1,6.7,6.0,0
578,22,1,0,61,6,0,1,6.1,5.0,0
579,19,0,2,31,4,7,0,7.4,7.0,2
580,23,1,0,18,5,1,1,7.0,6.0,0
581,21,0,2,102,6,6,1,6.4,5.0,0
582,24,1,0,44,4,0,0,7.3,7.0,2
583,20,0,2,83,6,1,1,6.0,5.0,0
584,22,1,0,20,5,9,1,6.5,6.0,0
585,19,0,2,46,4,7,0,7.6,8.0,2
586,23,1,0,79,6,0,1,6.3,5.0,0
587,21,0,2,30,4,1,0,7.7,7.0,2
588,24,1,0,91,6,6,1,6.2,5.0,0
589,20,0,2,26,4,1,0,7.4,7.0,2
590,22,1,0,42,5,7,1,6.8,6.0,0
591,19,0,2,39,7,1,1,5.8,4.0,0
592,23,1,0,94,4,0,0,7.5,7.0,2
593,21,0,2,100,6,6,1,6.1,5.0,0
594,24,1,0,103,5,1,1,6.9,6.0,0
595,20,0,2,61,6,0,1,6.3,5.0,0
596,21,1,2,31,5,1,1,6.7,6.0,0
597,23,0,0,18,4,6,0,7.3,7.0,2
598,20,1,2,102,6,0,1,6.2,5.0,0
599,22,0,0,44,5,7,0,7.1,7.0,2
600,19,1,2,83,6,1,1,6.0,4.0,0
601,24,0,0,20,5,9,1,6.8,6.0,0
602,21,1,2,46,4,7,0,7.6,8.0,2
603,23,0,0,79,6,1,1,6.4,5.0,0
604,20,1,2,30,4,0,0,7.4,7.0,2
605,22,0,0,91,6,6,1,6.3,5.0,0
606,19,1,2,26,4,1,0,7.2,7.0,2
607,24,0,0,42,5,7,1,6.6,6.0,0
608,21,1,2,39,7,0,1,5.7,4.0,0
609,23,0,0,94,4,1,0,7.4,7.0,2
610,20,1,2,100,6,6,1,6.2,5.0,0
611,22,0,0,103,5,1,1,6.9,6.0,0
612,19,1,2,61,6,0,1,6.1,5.0,0
613,24,0,0,31,4,7,0,7.3,7.0,2
614,21,1,2,18,5,1,1,6.7,6.0,0
615,23,0,0,102,6,6,1,6.4,5.0,0
616,20,1,2,44,4,0,0,7.2,7.0,2
617,22,0,0,83,6,1,1,5.9,4.0,0
618,19,1,2,20,5,9,1,6.8,6.0,0
619,24,0,0,46,4,7,0,7.5,8.0,2
620,21,1,2,79,6,6,1,6.3,5.0,0
621,23,0,0,30,4,1,0,7.4,7.0,2
622,20,1,2,91,6,0,1,6.2,5.0,0
623,22,0,0,26,4,7,0,7.3,7.0,2
624,19,1,2,42,5,1,1,6.6,6.0,0
625,24,0,0,39,7,6,1,5.8,4.0,0
626,21,1,2,94,4,0,0,7.3,7.0,2
627,23,0,0,100,6,1,1,6.1,5.0,0
628,20,1,2,103,5,7,1,6.8,6.0,0
629,22,0,0,61,6,0,1,6.2,5.0,0
630,19,1,2,31,4,1,0,7.2,7.0,2
631,24,0,0,18,5,6,1,6.7,6.0,0
632,21,1,2,102,6,0,1,6.3,5.0,0
633,23,0,0,44,4,7,0,7.1,7.0,2
634,20,1,2,83,6,1,1,5.9,4.0,0
635,22,0,0,20,5,9,1,6.7,6.0,0
636,19,1,2,46,4,7,0,7.4,8.0,2
637,24,0,0,79,6,6,1,6.4,5.0,0
638,21,1,2,30,4,1,0,7.5,7.0,2
639,23,0,0,91,6,0,1,6.2,5.0,0
640,20,1,2,26,4,7,0,7.3,7.0,2
641,22,0,0,42,5,1,1,6.5,6.0,0
642,19,1,2,39,7,6,1,5.7,4.0,0
643,24,0,0,94,4,0,0,7.2,7.0,2
644,21,1,2,100,6,1,1,6.0,5.0,0
645,23,0,0,103,5,7,1,6.8,6.0,0
646,22,1,0,61,6,0,1,6.2,5.0,0
647,20,0,2,31,4,1,0,7.1,7.0,2
648,23,1,0,18,5,6,1,6.6,6.0,0
649,21,0,2,102,6,7,1,6.3,5.0,0
650,24,1,0,44,4,0,0,7.2,7.0,2
651,19,0,2,83,6,1,1,5.9,4.0,0
652,22,1,0,20,5,9,1,6.7,6.0,0
653,20,0,2,46,4,7,0,7.5,8.0,2
654,23,1,0,79,6,6,1,6.3,5.0,0
655,21,0,2,30,4,1,0,7.4,7.0,2
656,24,1,0,91,6,0,1,6.1,5.0,0
657,19,0,2,26,4,7,0,7.3,7.0,2
658,22,1,0,42,5,1,1,6.6,6.0,0
659,20,0,2,39,7,6,1,5.8,4.0,0
660,23,1,0,94,4,0,0,7.3,7.0,2
661,21,0,2,100,6,1,1,6.0,5.0,0
662,24,1,0,103,5,7,1,6.8,6.0,0
663,19,0,2,61,6,6,1,6.2,5.0,0
664,22,1,0,31,4,0,0,7.2,7.0,2
665,20,0,2,18,5,1,1,6.7,6.0,0
666,23,1,0,102,6,7,1,6.2,5.0,0
667,21,0,2,44,4,6,0,7.1,7.0,2
668,24,1,0,83,6,1,1,5.9,4.0,0
669,19,0,2,20,5,9,1,6.7,6.0,0
670,22,1,0,46,4,7,0,7.4,8.0,2
671,20,0,2,79,6,0,1,6.4,5.0,0
672,23,1,0,30,4,1,0,7.5,7.0,2
673,21,0,2,91,6,6,1,6.2,5.0,0
674,24,1,0,26,4,7,0,7.3,7.0,2
675,19,0,2,42,5,1,1,6.5,6.0,0
676,22,1,0,39,7,0,1,5.7,4.0,0
677,20,0,2,94,4,6,0,7.2,7.0,2
678,23,1,0,100,6,1,1,6.0,5.0,0
679,21,0,2,103,5,7,1,6.8,6.0,0
680,24,1,0,61,6,0,1,6.3,5.0,0
681,19,0,2,31,4,1,0,7.2,7.0,2
682,22,1,0,18,5,6,1,6.6,6.0,0
683,20,0,2,102,6,7,1,6.4,5.0,0
684,23,1,0,44,4,0,0,7.1,7.0,2
685,21,0,2,83,6,1,1,6.0,4.0,0
686,24,1,0,20,5,9,1,6.8,6.0,0
687,19,0,2,46,4,7,0,7.5,8.0,2
688,22,1,0,79,6,6,1,6.2,5.0,0
689,20,0,2,30,4,1,0,7.4,7.0,2
690,23,1,0,91,6,0,1,6.1,5.0,0
691,21,0,2,26,4,7,0,7.3,7.0,2
692,24,1,0,42,5,1,1,6.5,6.0,0
693,19,0,2,39,7,6,1,5.8,4.0,0
694,22,1,0,94,4,0,0,7.3,7.0,2
695,20,0,2,100,6,1,1,6.1,5.0,0
696,23,1,0,103,5,7,1,6.7,6.0,0
697,21,0,2,61,6,6,1,6.2,5.0,0
698,24,1,0,31,4,0,0,7.1,7.0,2
699,19,0,2,18,5,1,1,6.6,6.0,0
700,22,1,0,102,6,7,1,6.3,5.0,0
701,20,0,2,44,4,6,0,7.2,7.0,2
702,23,1,0,83,6,1,1,5.9,4.0,0
703,21,0,2,20,5,9,1,6.7,6.0,0
704,24,1,0,46,4,7,0,7.5,8.0,2
705,19,0,2,79,6,0,1,6.3,5.0,0
